Title,Publication number,Publication date,Inventor(s),Applicant(s),International classification,Cooperative Patent Classification,Application number,Date of application,Priority number(s),Patents cited in the search report,Literature cited in the search report,Patents cited during examination,Literature cited during examination,Other patent citations,Other literature citations,Patents used in opposition,Literature used in opposition,Patents cited by the applicant,Literature cited by the applicant,International search citation,International search NPL citation,Supplementary international search citation,Supplementary international search NPL citation
CONTROL OF SEMI-AUTONOMOUS VEHICLES,US2017185082 (A1),2017-06-29,MATOS JEFFREY A [US],MATOS JEFFREY A [US],G05D1/00; B60R25/23; B60R25/25; B60W40/09; H04B1/40,A61N1/3962; A61M5/1723; A61N1/3621; A61N1/37235; A61N1/37252; G06F19/3406; G06F19/3418; G06F19/3481; A61N1/37282; A61N1/37288; A61B5/0816; A61B5/0836; A61B5/14542; A61N1/37247; A61N1/37258; A61M2205/3553; A61M2230/201; A61M5/14276; A61N1/37264; A61N1/37217; A61M2205/3592; A61M2205/52,US201715397160,20170103,US201715397160 20170103; US201514628502 20150223; US20100763949 20100420; US20090214096P 20090420; US20030460458 20030611; US20060502484 20060810; US20070893897 20070818; US20070895934 20070828; US20070805268 20070522; US20080154079 20080519; US20090204957P 20090113; US20100657155 20100114; US201213537318 20120629; US201313840021 20130315; US201313795250 20130312; US201314076521 20131111,,,,,,,,,,,,,,
AUTONOMOUS FEED MIXING VEHICLE AND METHOD FOR CONTROLLING AN AUTONOMOUS FEED MIXING VEHICLE,CA2968148 (A1),2016-05-26,STRAUTMANN WOLFGANG [DE];  MARQUERING JOHANNES [DE];  TRABHARDT ANDREAS [DE],B STRAUTMANN & SOHNE GMBH U CO KG [DE],A01F25/20; A01K5/00; G05D1/02,A01F25/2027; A01K5/001; G05D1/024; G05D1/0274; G05D2201/0201,CA20152968148,20151117,DE201410116882 20141118; EP20150187603 20150930; WO2015EP02292 20151117,,,,,,,,,,,,,,
SELF-RECOGNITION OF AUTONOMOUS VEHICLES IN MIRRORED OR REFLECTIVE SURFACES.,MX2016013124 (A),2017-04-27,BRIELLE REIFF [US];  MADELINE SCHRIER;  NITHIKA SIVASHANKAR,FORD GLOBAL TECH LLC [US],G08G1/16; G06K9/32,B60T7/22; B60T2201/022; B60T2210/32; G05D1/0088; G06K9/00805; G06K9/00832; G06K9/325; G06K9/4652; G06K9/52; G06K9/6215; G06T7/90; G06T2207/30204; G06T2207/30261; G06T2207/30268; B62D15/0265,MX20160013124,20161006,US201514877115 20151007,,,,,,,,,,,,,,
MANAGING AUTONOMOUS VEHICLES,US2017174221 (A1),2017-06-22,VAUGHN ROBERT LAWSON [US];  GRESHAM TIMOTHY J [US];  KUKIS COREY [US];  WEAST JOHN CHARLES [US],VAUGHN ROBERT LAWSON [US];  GRESHAM TIMOTHY J [US];  KUKIS COREY [US];  WEAST JOHN CHARLES [US],B60W40/09; G05D1/02,B60W40/09; G05D1/021,US201514975035,20151218,US201514975035 20151218,US2010209887 (A1); US2010209888 (A1); US2010262368 (A1); US2012083960 (A1); US8457827 (B1); US2015149020 (A1); US2015149017 (A1); US9079587 (B1); US2015241226 (A1); US2015241878 (A1); US2015246672 (A1); US9174649 (B1); US9189897 (B1); US2016026182 (A1); US2016160998 (A1); US2016303969 (A1); US2016349755 (A1); US9513632 (B1); US9511764 (B2); US2017050638 (A1); US2017057507 (A1),,,,,,,,,,,,,
"SYSTEMS AND METHODS TO EXTRAPOLATE HIGH-VALUE DATA FROM A NETWORK OF MOVING THINGS, FOR EXAMPLE INCLUDING A NETWORK OF AUTONOMOUS VEHICLES",US2017176192 (A1),2017-06-22,CARDOSO DE MOURA DANIEL [PT],VENIAM INC [US],G01C21/34; G01S19/13; G05D1/02; H04L29/08; H04W4/02,H04W4/02; G01C21/34; G01S19/13; G05D1/0278; H04L67/10; H04W84/005; H04W84/042,US201615351811,20161115,US201615351811 20161115; US201562270678P 20151222,,,,,,,,,,,,,,
Detecting and responding to parking behaviors in autonomous vehicles,US9682707 (B1),2017-06-20,SILVER DAVID HARRISON [US];  FERGUSON DAVID IAN FRANKLIN [US],GOOGLE INC [US];  WAYMO LLC [US],B60W30/16; G05D1/00,B60W30/16; G05D1/0088; B60W2550/308,US201514837548,20150827,US201514837548 20150827,US2015160653 (A1); US2015266477 (A1); EP2562060 (A1),,,,,,,,US8700251 (B1); US8818681 (B1); US8965621 (B1); US2014236414 (A1),,,,,
System and Method for Controlling Autonomous Vehicles,US2017168485 (A1),2017-06-15,BERNTORP KARL [US];  ARSLAN OKTAY [US],MITSUBISHI ELECTRIC RES LABORATORIES INC [US],G05D1/00; G01C21/26; G01C21/34; G05D1/02,G05D1/0214; G05D1/0274; G01C21/20; G01C21/26; G01C21/3453; G05D1/0088,US201514968848,20151214,US201514968848 20151214,,,,,,,,,,,,,,
"SYSTEMS AND METHODS FOR IMPROVING COVERAGE AND THROUGHPUT OF MOBILE ACCESS POINTS IN A NETWORK OF MOVING THINGS, FOR EXAMPLE INCLUDING A NETWORK OF AUTONOMOUS VEHICLES",US2017171834 (A1),2017-06-15,NEVES FILIPE [PT];  CARREIRA DIOGO [PT];  CARDOTE ANDRE [PT],VENIAM INC [US],H04W64/00; H04W72/04; H04W72/08; H04W72/10,H04W4/046; H04W64/003; H04W72/046; H04W72/085; H04W72/10; H04W84/005; H04W84/12; H04L67/12,US201615352378,20161115,US201615352378 20161115; US201562265267P 20151209; US201562260749P 20151130,,,,,,,,,,,,,,
VEHICLE TRACTION MAP FOR AUTONOMOUS VEHICLES,US2017167881 (A1),2017-06-15,RANDER PETER [US];  BRADLEY DAVID MCALLISTER [US];  WOOD MATTHEW [US],UBER TECH INC [US],G01C21/32; B60W30/18; B60W40/068; G01N21/47; G05D1/00,B60W30/18172; B60W40/068; G01C21/32; G01N21/4738; G05D1/0088,US201615376574,20161212,US201615376574 20161212; US201615376270 20161212; US201562265960P 20151210,,,,,,,,,,,,,,
ELECTRIC PARKING BRAKE FOR AUTONOMOUS VEHICLES,US2017166173 (A1),2017-06-15,LAUFFER SCOTT J [US];  JOYCE JOHN P [US];  GABOR DANIEL A [US];  ABBAS SAMER [US];  EL AILE STEVEN R [US],FORD GLOBAL TECH LLC [US],B60T8/17; B60T8/172,B60T8/17; B60T8/172; B60T2270/402; B60T2270/414,US201615210739,20160714,US201615210739 20160714; US201562265915P 20151210,,,,,,,,,,,,,,
ASSESSMENT OF HUMAN DRIVING PERFORMANCE USING AUTONOMOUS VEHICLES,US2017166222 (A1),2017-06-15,JAMES MICHAEL R [US],TOYOTA MOTOR ENG & MFG NORTH AMERICA INC [US],B60W50/14; G05D1/00,B60W50/14; G05D1/0088; B60W2600/00; B60W2050/007,US201514964455,20151209,US201514964455 20151209,,,,,,,,,,,,,,
VEHICLE TRACTION MAP FOR AUTONOMOUS VEHICLES,WO2017100797 (A1),2017-06-15,RANDER PETER [US];  BRADLEY DAVID MCALLISTER [US];  WOOD MATTHEW [US],UBER TECH INC [US],B60W40/068; B60W40/10; G05D1/02,B60T8/1725; B60W40/064; G01C21/28; G07C5/008; B60W2422/70; B60W2530/20; B60W2750/40,WO2016US66235,20161212,US201562265960P 20151210; US201615376270 20161212,,,,,,,,,,,,,,
OPTIMIZING COMMUNICATION FOR AUTOMATED VEHICLES,WO2017100473 (A1),2017-06-15,ROSS WILLIAM [US];  AITKEN MICHAEL [US],UBER TECH INC [US],H04W48/20; G05D1/00; G05D1/02; H04W8/02; H04W84/00,,WO2016US65656,20161208,US201514962847 20151208; US201514962876 20151208; US201514962918 20151208; US201514962974 20151208; US201514963007 20151208; US201514963038 20151208,,,,,,,,,,,,,,
Assisted perception for autonomous vehicles,US9679206 (B1),2017-06-13,FERGUSON DAVID IAN FRANKLIN [US];  LO WAN-YEN [CH];  FAIRFIELD NATHANIEL [US],GOOGLE INC [US];  WAYMO LLC [US],G01C22/00; G05D1/00; G05D1/02; G06K9/00; H04L29/08,B60W40/04; B60W2050/0077; B60W2050/0215; G05D1/00; G05D1/0022; G05D1/0088; G05D1/0246; G06K9/00805; H04L67/125,US201615387826,20161222,US201615387826 20161222; US201414254830 20140416; US201361909887P 20131127,US6064926 (A); US7636700 (B2); US7979173 (B2); US8063797 (B1); US8195394 (B1); US8909415 (B1); US8949016 (B1); US9079587 (B1); US9201421 (B1); US9336436 (B1); US2004024490 (A1); US2007092143 (A1); US2008027591 (A1); US2008084283 (A1); US2009088916 (A1); US2009257655 (A1); US2010256859 (A1); US2011001615 (A1); US2011035086 (A1); US2011150348 (A1); US2013158852 (A1); US2014132767 (A1); US2014247963 (A1); US2014249722 (A1),,,,,,,,,,,,,
COLLISION MITIGATED BRAKING FOR AUTONOMOUS VEHICLES,US2017158175 (A1),2017-06-08,FAIRFIELD NATHANIEL [US],WAYMO LLC [US],B60T7/12; G05D1/00,B60T7/12; G05D1/0055; G05D1/0088,US201514959067,20151204,US201514959067 20151204,US6370475 (B1); US2004193374 (A1); US7379014 (B1); US2008183360 (A1); US7782256 (B2); US2011040481 (A1); US2011184605 (A1); US2012085458 (A1); US2012140061 (A1); US2012203418 (A1); US2012271540 (A1); US2012277988 (A1); US2013030651 (A1); US2013253793 (A1); US2014032089 (A1); US8977007 (B1); US9344856 (B2); US7409295 (B2); US2006031015 (A1); US2007219720 (A1); US2013124053 (A1); US2008119993 (A1); US2013279491 (A1); US2016018511 (A1); US2017090476 (A1); US2017129487 (A1),,,,,,,,,,,,,
OPTIMIZING COMMUNICATION FOR AUTONOMOUS VEHICLES,US2017164257 (A1),2017-06-08,ROSS WILLIAM [US];  AITKEN MICHAEL [US],UBER TECH INC [US],H04W36/14; H04W4/00; H04W4/04; H04W16/18; H04W24/08; H04W36/30; H04W48/16,G06Q50/30; H04W4/008; H04W4/025; H04W4/046; H04W24/08; H04W72/085; H04L69/26; H04B1/3822; H04W16/18; H04W36/14; H04W36/30; H04W48/16,US201715420932,20170131,US201715420932 20170131; US201514962847 20151208,,,,,,,,,,,,,,
BACKEND COMMUNICATIONS SYSTEM FOR A FLEET OF AUTONOMOUS VEHICLES,US2017163398 (A1),2017-06-08,ROSS WILLIAM [US];  AITKEN MICHAEL [US],UBER TECH INC [US],H04L5/00; H04B1/3822; H04L12/741; H04W28/02,H04B1/3822; H04L5/0055; H04W28/0273; H04L45/74,US201514963038,20151208,US201514963038 20151208,,,,,,,,,,,,,,
SYSTEMS AND METHODS FOR IMPROVING FIXED ACCESS POINT COVERAGE IN A NETWORK OF MOVING THINGS,US2017156119 (A1),2017-06-01,NEVES FILIPE MANUEL ALMEIDA [PT];  DA SILVA JORDÃO CARREIRA DIOGO EMANUEL [PT];  DE FARIA CARDOTE ANDRÉ AMORIM [PT],VENIAM INC [US],H04W52/28; H04W52/24; H04W72/04,H04W84/005; H04W16/00; H04W52/246; H04W52/283; H04L67/12; H04W72/046; H04W72/0473,US201615351861,20161115,US201615351861 20161115; US201562260749P 20151130,US2014295751 (A1); US2014192727 (A1); US2009273449 (A1); US2011283768 (A1); US2006234754 (A1); US2015289212 (A1); US2016269132 (A1); US2012099457 (A1); US2001023188 (A1); US7349463 (B1); US2016366714 (A1); US2009017850 (A1); US2013241304 (A1); US2015365155 (A1); US2017033845 (A1); US2014253363 (A1); US2011059706 (A1); US2007007821 (A1); US2013027250 (A1); US2013083774 (A1); US2007054633 (A1); US2009315412 (A1); US2011285571 (A1); US2011070919 (A1),,,,,,,,,,,,,
METHODS FOR SAMPLE PRESENTATION USING AUTONOMOUS VEHICLES,US2017154371 (A1),2017-06-01,HARVEY THOMAS DANAHER [US],HARVEY THOMAS DANAHER [US],G06Q30/06; G05D1/00; G09F21/04,G06Q30/0617; G09F21/04; G09F27/00; G05D1/0088; G05D2201/0207,US201715431818,20170214,US201715431818 20170214,US4813000 (A); US2002123941 (A1); US2016104098 (A1),,,,,,,,,,,,,
Dispatch system for autonomous vehicle,TW201708996 (A),2017-03-01,HUANG SHIH-CHIA [TW];  JIAU MING-KAI [TW];  CHOU SHENG-KAI [TW],NAT TAIPEI UNIV OF TECH [TW],G05D1/02; G06Q50/30,G01C21/343; G05D1/0297; G06Q10/047; G06Q10/0631; G06Q50/30; G08G1/202; G05D2201/0213; G01C21/34; G08G1/20,TW20150128596,20150831,TW20150128596 20150831,,,,,,,,,,,,,,
Systems and methods for managing restricted areas for unmanned autonomous vehicles,US9626874 (B1),2017-04-18,GUPTA RAJARSHI [US];  TAVEIRA MICHAEL FRANCO [US],QUALCOMM INC [US],G01S13/88; B64C39/02; G07C5/00; G08G5/00; H04B7/185,H04B7/18506; B64C39/024; G08G5/0069; G07C5/008; B64C2201/141,US201614989019,20160106,US201614989019 20160106,US2009157233 (A1); US2009210109 (A1); US2010042269 (A1); US2012158280 (A1); US2016225264 (A1); US2016240087 (A1),,,,,,,,US7228232 (B2); US8849308 (B2); US9052197 (B2); US2010286859 (A1),,,,,
LANE ASSIGNMENTS FOR AUTONOMOUS VEHICLES,US2017148316 (A1),2017-05-25,CURLANDER JAMES CHRISTOPHER [US];  RUSSELL RYAN SCOTT [US];  BATHURST ALLAN SCOTT [US];  MADAN UDIT [US];  GRAYBILL JULES COOK [US];  NORWOOD JONATHAN BLAIR [US];  LAUKA WESLEY SCOTT [US];  MISHRA PRAGYANA K [US];  CANAVOR DARREN ERNEST [US],AMAZON TECH INC [US],G08G1/09; G01C21/34; G01C21/36; G05D1/00; G05D1/02; G08G1/04; G08G1/14,G08G1/096725; G08G1/096741; G08G1/096775; G08G1/143; G08G1/147; G01C21/3492; G01C21/362; G01C21/3658; G05D1/0022; G05D1/0088; G05D1/0212; G05D1/0276; G08G1/04; G08G1/09; G08G1/14,US201715406648,20170113,US201715406648 20170113; US201514945555 20151119,,,,,,,,,,,,,,
"SYSTEMS AND METHODS FOR DELAY TOLERANT NETWORKING IN A NETWORK OF MOVING THINGS, FOR EXAMPLE INCLUDING A NETWORK OF AUTONOMOUS VEHICLES",US9693297 (B2); US2017149901 (A1),2017-05-25,CONDEIXA TIAGO [PT];  AZEVEDO JOAO [PT];  AMEIXIERA CARLOS [PT];  MATOS RICARDO [PT];  RUSSELL ROY [US];  BARROS JOAO [US],VENIAM INC [US],H04L29/08; H04L1/08,H04W48/20; H04L1/08; H04L67/12; H04W88/08; H04W88/10; H04L29/12707,US201615353966,20161117,US201615353966 20161117; US201562257421P 20151119,US8681773 (B2); US8542636 (B2); US8457546 (B2); US9237479 (B2); US8457546 (B2); US8542636 (B2); US8681773 (B2); US9237479 (B2),,,,,,,,US2006068795 (A1); US2007183394 (A1); US2013190963 (A1); US2014282747 (A1); US2015029987 (A1),,,,,
SYSTEM AND METHOD OF CONTROLLING AUTONOMOUS VEHICLES,US2017146995 (A1),2017-05-25,STAMATOVSKI IVAN [US];  HEFNY MOHAMMAD [EG],EASY AERIAL INC [US],G05D1/00; B64C39/02; G07C5/00,G05D1/0027; B64C39/024; G07C5/008; B64C2201/021; B64C2201/024; B64C2201/104; B64C2201/108; B64C2201/146,US201514949541,20151123,US201514949541 20151123,US7123169 (B2); US2007244608 (A1); US7581702 (B2); US2015032293 (A1); US9051043 (B1); US2015269790 (A1); US9174733 (B1); US2015339933 (A1); US9185147 (B1),,,,,,,,,,,,,
CONTROLLING AUTONOMOUS VEHICLES IN CONNECTION WITH TRANSPORT SERVICES,US2017147959 (A1),2017-05-25,SWEENEY MATTHEW [US];  BARTEL EMILY [US];  VALOIS JEAN-SEBASTIEN [US],UBER TECH INC [US],G06Q10/06; G05D1/00; G07C5/00,G06Q10/063114; G05D1/0022; G05D1/0027; G07C5/008,US201615358033,20161121,US201615358033 20161121; US201562258066P 20151120,,,,,,,,,,,,,,
AUTOMATED SYSTEM FOR TRANSPORTING PAYLOADS,US2017137222 (A1),2017-05-18,LERT JR JOHN [US],ALERT CORP [US],B65G1/04; B65G1/137,B65G1/0492; B65G1/1378; B65G1/065; B65G1/1373,US201715421208,20170131,US201715421208 20170131; US201514860410 20150921; US201414213187 20140314; US201361794023P 20130315,US4221076 (A); US2004010339 (A1); US2007276535 (A1); US2009074545 (A1); US2010322746 (A1); US2014257555 (A1),,,,,,,,,,,,,
PERSONAL STORAGE FOR SHARED VEHICLES,US2017139413 (A1),2017-05-18,JAMES MICHAEL R [US],TOYOTA MOTOR ENG & MFG NORTH AMERICA INC [US],G05D1/00,G05D1/0088,US201514944684,20151118,US201514944684 20151118,,,,,,,,,,,,,,
CONTROL SYSTEM AND METHOD FOR MULTI-VEHICLE SYSTEMS,US2017139423 (A1),2017-05-18,EL FERIK SAMI [SA];  SIDDIQUI BILAL A [SA],UNIV KING FAHD PET & MINERALS [SA],G05D1/02,G05D1/0295,US201514940107,20151112,US201514940107 20151112,US9134713 (B2); US5740033 (A),,,,,,,,,,,,,
Using multiple exposures to improve image processing for autonomous vehicles,US9654738 (B1),2017-05-16,FERGUSON DAVID I [US];  OGALE ABHIJIT S [US],GOOGLE INC [US];  WAYMO LLC [US],H04N7/18; B60R1/00; G06K9/00,G06K9/00805; G06K9/00825; H04N7/18,US201313960969,20130807,US201313960969 20130807,US2005219367 (A1); US2009268963 (A1); US2010100268 (A1); US2010103194 (A1); US2010309332 (A1); US2012262600 (A1); US2012308082 (A1),,,,,,,,US8134480 (B2); US2009040364 (A1); US2013027564 (A1); US2013027565 (A1),,,,,
APPARATUS AND METHOD FOR AUTOMATIC STEERING CONTROL IN VEHICLE,US2017129535 (A1),2017-05-11,YOU BYUNG YONG [KR];  HEO MYUNG SEON [KR];  OH YOUNG CHUL [KR],HYUNDAI MOTOR CO LTD [KR],B62D6/00; B62D15/02; G05D1/00; G05D1/02,B62D1/286; B62D15/025; B62D15/024; G05D1/0088; G05D1/0246; G05D2201/0213; B62D6/002,US201615204849,20160707,KR20150157991 20151111,,,,,,,,,,,,,,
Simulation system and methods for autonomous vehicles,US2017132334 (A1),2017-05-11,LEVINSON JESSE SOL [US];  SIBLEY GABE THURSTON [US];  REGE ASHUTOSH GAJANAN [US],ZOOX INC [US],G06F17/50; G05D1/00; G05D1/02,G05D1/0088; G05D1/0214; G06F17/5009,US201514757016,20151105,US201514757016 20151105,,,,,,,,,,,,,,
METHOD AND DEVICE FOR GENERATING TEST CASES FOR AUTONOMOUS VEHICLES,US2017132117 (A1),2017-05-11,STEFAN FREDERIC [DE];  CHEVALIER ALAIN MARIE ROGER [BE];  MARBAIX MICHAEL [BE];  BITSANIS EVANGELOS [DE],FORD GLOBAL TECH LLC [US],G06F11/36,G06F11/3684; G06F11/3604,US201615340856,20161101,DE201510221886 20151106,,,,,,,,,,,,,,
SOFTWARE APPLICATION TO REQUEST AND CONTROL AN AUTONOMOUS VEHICLE SERVICE,US2017132934 (A1),2017-05-11,KENTLEY TIMOTHY DAVID [US];  GAMARA RACHAD YOUSSEF [US];  LINSCOTT GARY [US],ZOOX INC [US],G08G1/00; G01C21/34; G05D1/00,G06K9/00805; G08G1/202; G01C21/34; G05D1/0088; G06Q10/02; G06K9/00791; G06Q50/30,US201514933469,20151105,US201514932959 20151104; US201514932966 20151104; US201514932940 20151104; US201514932948 20151104; US201514932958 20151104; US201514932962 20151104,US2016033963 (A1),,,,,,,,,,,,,
METHOD AND APPARATUS FOR TESTING SOFTWARE FOR AUTONOMOUS VEHICLES,US2017132118 (A1),2017-05-11,STEFAN FREDERIC [DE];  CHEVALIER ALAIN MARIE ROGER [BE];  BITSANIS EVANGELOS [DE];  MARBAIX MICHAEL [BE],FORD GLOBAL TECH LLC [US],G06F11/36; B60W50/04,G06F11/3668; B60W50/04; G06F11/3684; G06F11/3688,US201615340889,20161101,DE201510221879 20151106,,,,,,,,,,,,,,
APTIVE MAPPING TO NAVIGATE AUTONOMOUS VEHICLES RESPONSIVE TO PHYSICAL ENVIRONMENT CHANGES,WO2017079460 (A2),2017-05-11,LEVINSON JESSE SOL [US];  SIBLEY GABRIEL THURSTON [US],ZOOX INC [US],G08G1/056,G01C21/32; G01S5/16; G05D1/0027; G05D1/0044; G06K9/00791; G08G1/205; G01S5/0018; G08G1/20; G05D2201/0213; B60Q1/26; B62D15/0265; B60Q1/525; B60Q5/006; B60Q9/008; B60R21/01; B60W30/00; B60W30/09; B60W30/0956; G05B23/00; G05D1/0088; G05D1/0274; G06F17/5009; G10K11/26; B60W2550/10; G01S2013/936; B60R2021/01272; G01C21/26; G06K9/6288; G01S5/0252,WO2016US60368,20161103,US201514932963 20151104; US201514932959 20151104; US201514932962 20151104; US201514932940 20151104; US201514756995 20151104; US201514756992 20151104; US201514756991 20151104; US201514756996 20151104,,,,,,,,,,,,,,
SIMULATION SYSTEM AND METHODS FOR AUTONOMOUS VEHICLES,WO2017079229 (A1),2017-05-11,LEVINSON JESSE SOL [US];  SIBLEY GABRIEL THURSTON [US];  REGE ASHUTOSH GAJANAN [US],ZOOX INC [US],B60W40/02; G06N7/00,B60R21/01546; B60R21/01512; G05D1/0055,WO2016US60030,20161102,US201514932963 20151104; US201514757016 20151105; US201514932959 20151104; US201514932966 20151104; US201514932940 20151104; US201514756995 20151104; US201514756992 20151104; US201514756994 20151104; US201514756993 20151104; US201514756991 20151104; US201514756996 20151104; US201514932948 20151104; US201514932952 20151104; US201514932954 20151104; US201514932958 20151104; US201514932962 20151104,,,,,,,,,,,WO2015134152 (A1); US8996224 (B1); US2015185034 (A1),,,
SENSOR-BASED OBJECT-DETECTION OPTIMIZATION FOR AUTONOMOUS VEHICLES,WO2017079321 (A1),2017-05-11,LEVINSON JESSE SOL [US];  KENTLEY TIMOTHY DAVID [US];  DOUILLARD BERTRAND ROBERT [US],ZOOX INC [US],G05D1/00; B60W50/00; G07C5/00,G07C5/0816; G05D1/0088; G05D1/0214; G05D1/0231; G05D1/0248; G05D1/0257; G05D1/0274; G05D1/0276; G05D1/0291; G07C5/08; B60W2550/12,WO2016US60145,20161102,US201514756991 20151104,,,,,,,,,,,US2010235129 (A1); US2015178998 (A1); US2010292544 (A1); RU2269813 (C2),,,
MACHINE-LEARNING SYSTEMS AND TECHNIQUES TO OPTIMIZE TELEOPERATION AND/OR PLANNER DECISIONS,WO2017079474 (A3); WO2017079474 (A2),2017-05-11,LEVINSON JESSE SOL [US];  SIBLEY GABRIEL THURSTON [US];  REGE ASHUTOSH GAJANAN [US],ZOOX INC [US],G05B17/00,G05D1/0027; B60Q1/28; B60Q1/30; G05D2201/0213; H04L41/0816; G05D1/0088; G07C5/00; H04L67/12; H04L67/10; G05D2201/0212,WO2016US60384,20161103,US201514932963 20151104; US201514933602 20151105; US201514932959 20151104; US201514932966 20151104; US201514932940 20151104,,,,,,,,,,,US2015234387 (A1); US8996224 (B1); GB2460916 (A),,,
CALIBRATION FOR AUTONOMOUS VEHICLE OPERATION,WO2017079301 (A1),2017-05-11,LEVINSON JESSE SOL [US];  SIBLEY GABRIEL THURSTON [AE];  DOUILLARD BERTRAND ROBERT [US],ZOOX INC [US],G05D1/00; G07C5/00,G05D1/0268; B60Q1/26; G08G1/202; G07C5/0808; G05D1/0038; G05D1/024; G05D1/0257; G05D1/027; G05D1/0272; G05D1/0274; G05D1/0291,WO2016US60118,20161102,US201514756996 20151104,,,,,,,,,,,US2010235129 (A1); US8965578 (B2); US2010275829 (A1); RU2269813 (C2),XP055382629,,
ADAPTIVE AUTONOMOUS VEHICLE PLANNER LOGIC,WO2017079228 (A2); WO2017079228 (A3),2017-05-11,LEVINSON JESSE SOL [US];  KENTLEY TIMOTHY DAVID [US];  SIBLEY GABRIEL THURSTON [US],ZOOX INC [US],,G05D1/0088; G05D1/0214; G05D1/0255; G05D1/0257,WO2016US60029,20161102,US201514756992 20151104,,,,,,,,,,,,,,
COORDINATION OF DISPATCHING AND MAINTAINING FLEET OF AUTONOMOUS VEHICLES,WO2017079290 (A1),2017-05-11,KENTLEY TIMOTHY DAVID [US];  GAMARA RACHAD YOUSSEF [US],ZOOX INC [US],G08G1/056,G01C21/26; G05D1/0011; G05D1/0088,WO2016US60105,20161102,US201514756995 20151104,,,,,,,,,,,US6502016 (B1); US2014370911 (A1); US2014358353 (A1),,,
SOFTWARE APPLICATION TO REQUEST AND CONTROL AN AUTONOMOUS VEHICLE SERVICE,WO2017079222 (A1),2017-05-11,KENTLEY TIMOTHY DAVID [US];  GAMARA RACHAD YOUSSEF [US];  LINSCOTT GARY [US],ZOOX INC [US],G06Q50/30,G06Q10/08; G06Q30/0645; G06Q50/30,WO2016US60021,20161102,US201514932966 20151104; US201514933665 20151105; US201514932959 20151104; US201514756992 20151104; US201514932963 20151104; US201514933706 20151105; US201514756995 20151104; US201514933469 20151105,,,,,,,,,,,WO2015099679 (A1); US8996224 (B1); US2015185034 (A1),,,
System and method for determining position and distance of objects using road fiducials,US9646497 (B1),2017-05-09,CHATHAM ANDREW HUGHES [US],GOOGLE INC [US],G05D1/00; B60W30/08; G05D1/02; G08G1/16,G05D1/0234; G06K9/00798; G08G1/166; G08G1/167; G05D2201/0213; B60W30/00; B60W30/08; G05D1/0088; G05D1/0246; G08G1/00,US201514928444,20151030,US201514928444 20151030; US201414508269 20141007; US201313742745 20130116,US6122573 (A); US6470265 (B1); US2008040029 (A1); US2008174453 (A1),,,,,,,,US6813370 (B1); US7522091 (B2); US2003195704 (A1); US2005107931 (A1); US2010082195 (A1); US2010088024 (A1); US2011093179 (A1); US2011144907 (A1); US2011288774 (A1); US2012033074 (A1); US2012314070 (A1); US2013253753 (A1); US2013314503 (A1); JPH0634743 (A),,,,,
"Independent steering, power torque control and transfer in autonomous vehicles",US2017120753 (A1),2017-05-04,KENTLEY TIMOTHY DAVID [US],ZOOX INC [US],B60L3/00; B60W10/08; B60W10/18; B60W10/20; B60W30/18; G05D1/00,G05D2201/0213; B60L3/0092; B60L15/20; B60N2/002; B60W10/08; B60W10/18; B60W10/20; B60W10/30; B60W30/08; B60W30/095; B60W30/18; B60W2710/08; B60W2510/08; B60W2550/30; B60W2710/18; B60W2710/20; B60W2900/00; B60R2021/01272; B60W2710/30; G05D1/0088,US201514757015,20151105,US201514757015 20151105; US201514932958 20151104,,,,,,,,,,,,,,
METHODS FOR DELIVERY TO MULTIPLE LOCATIONS USING AUTONOMOUS VEHICLES,US2017124512 (A1),2017-05-04,HARVEY THOMAS DANAHER [US],HARVEY THOMAS DANAHER [US],G06Q10/08,G06Q10/08355; G06Q50/30,US201615378095,20161214,US201615378095 20161214; US201514852548 20150912,,,,,,,,,,,,,,
SOFTWARE APPLICATION AND LOGIC TO MODIFY CONFIGURATION OF AN AUTONOMOUS VEHICLE,US2017126810 (A1),2017-05-04,KENTLEY TIMOTHY DAVID [US];  GAMARA RACHAD YOUSSEF [US],ZOOX INC [US],H04L29/08; G05D1/00; G05D1/02; G06F3/0482; G06F3/0484,G05D1/0027; B60Q1/28; B60Q1/30; G05D2201/0213; H04L67/125; G05D1/0088; G05D1/0291; G06F3/0482; G07C5/00; G06F3/04847; G06F3/04842,US201514933665,20151105,US201514933665 20151105; US201514932959 20151104; US201514932963 20151104; US201514932966 20151104; US201514932940 20151104; US201514933602 20151105; US201514933469 20151105; US201514932948 20151104; US201514932958 20151104; US201514932962 20151104,,,,,,,,,,,,,,
INTERACTIVE AUTONOMOUS VEHICLE COMMAND CONTROLLER,US2017123422 (A1),2017-05-04,KENTLEY TIMOTHY DAVID [US];  GAMARA RACHAD YOUSSEF [US],ZOOX INC [US],G05D1/00; B60H1/00; B60Q3/00,B60L15/20; G05D1/0027; Y02T90/16; Y02T10/645; Y02T10/7275; B60Q1/28; B60Q1/30; B60L2260/32; G05D2201/0213; Y02T10/72; B60Q3/00; B62D21/00; B62D25/00; B60H1/00735; G05D1/0088; G05D1/021; G07C5/00; G05D2201/0212,US201514933706,20151105,US201514933706 20151105; US201514932959 20151104; US201514932963 20151104; US201514932966 20151104; US201514932940 20151104; US201514933602 20151105; US201514933665 20151105; US201514932948 20151104; US201514933469 20151105; US201514932958 20151104; US201514932962 20151104,US2001029425 (A1); US7036128 (B1); US2012136561 (A1); US2012226391 (A1); US2014365228 (A1); US2016009291 (A1); US2016171521 (A1); US2016251016 (A1); US2017060234 (A1); US2017067747 (A1); US9613274 (B2),,,,,,,,,,,,,
- DEVICE AND METHOD FOR SELF-AUTOMATED PARKING LOT FOR AUTONOMOUS VEHICLES BASED ON VEHICULAR NETWORKING,KR20170041166 (A),2017-04-14,,,G08G1/14; B60W30/06; G06Q10/08; G08G1/00,G08G1/143; G08G1/146; G08G1/22; B60W30/06; G06Q10/08,KR20167022393,20150130,PT20140107440 20140130; WO2015IB50736 20150130,,,,,,,,,,,,,,
Specifying unavailable locations for autonomous vehicles,US9631933 (B1),2017-04-25,AULA ANNE [US];  CULLINANE BRIAN [US];  SWITKIN DANIEL JULES [US];  ARDEN JENNIFER [US];  HUBERT RENAUD-ROLAND [US],GOOGLE INC [US],G01C21/20,B60R25/24; G06Q50/30; B62D15/0285; G01C21/20; G01C21/26; G01C21/3438; G01C21/3667; G05D1/0088; G05D1/0212; G06K9/00812; E05F15/76; B60W30/06; G08G1/14; E05Y2800/426; E05Y2900/531; E05F15/2046,US201414472900,20140829,US201414472900 20140829; US201462002319P 20140523,US6298304 (B1); US2007073552 (A1); US2009216600 (A1); US2010070168 (A1); US2010284771 (A1); US2011099040 (A1); US2012041675 (A1); US2013231824 (A1); US2014172727 (A1); US2015324708 (A1); US2015370251 (A1); US2016027307 (A1),,,,,,,,US5293160 (A); US6236333 (B1); US6680675 (B1); US6963794 (B2); US7113864 (B2); US7859386 (B2); US7928829 (B2); US8044771 (B2); US8126450 (B2); US8352112 (B2); US8494765 (B2); US8676430 (B1); US8688306 (B1); US8718861 (B1); US8736438 (B1); US8768565 (B2); US8880270 (B1); US8935034 (B1); US9060003 (B2); US9191514 (B1); US2004036622 (A1); US2004249569 (A1); US2004260470 (A1); US2006253251 (A1); US2007073472 (A1); US2008061931 (A1); US2008136674 (A1); US2008195428 (A1); US2008266139 (A1); US2008312817 (A1); US2009171566 (A1); US2009187538 (A1); US2009287367 (A1); US2010007525 (A1); US2010017084 (A1); US2010075656 (A1); US2010106397 (A1); US2010117585 (A1); US2010183409 (A1); US2010256836 (A1); US2010286845 (A1); US2011112969 (A1); US2011144865 (A1); US2011144980 (A1); US2011191019 (A1); US2011301985 (A1); US2012072051 (A1); US2012083960 (A1); US2012173080 (A1); US2012188100 (A1); US2012271500 (A1); US2013024049 (A1); US2013238783 (A1); US2013289825 (A1); US2013321178 (A1); US2014135598 (A1); US2014156182 (A1); US2014172292 (A1); US2014189096 (A1); US2014365250 (A1); US2014380424 (A1); US2015073645 (A1); US2015127191 (A1); US2015148989 (A1); US2015149320 (A1); US2015185034 (A1); US2015219464 (A1); US2015321641 (A1); US2015334187 (A1); US2015338849 (A1); US2015339928 (A1); US2015369621 (A1); US2016019790 (A1); US2016116293 (A1); US2016125735 (A1); US2016203377 (A1); EP2573720 (A1); EP2629269 (A1); JP2001234653 (A); WO03080391 (A2),,,,,
Methods And Software For Managing Vehicle Priority In A Self-Organizing Traffic Control System,US2017110011 (A1),2017-04-20,TONGUZ OZAN [US];  VIRIYASITAVAT WANTANEE [US],UNIV CARNEGIE MELLON [US],G08G1/087; G08G1/16,G08G1/087; G08G1/161,US201615392550,20161228,US201615392550 20161228; US201414214885 20140315; US201361852251P 20130315,US2005195092 (A1); US2005221759 (A1); US2007008174 (A1); US2009048750 (A1); US2009082949 (A1); US2009140887 (A1); US2009174573 (A1); US2009271112 (A1); US2010256836 (A1); US2011169661 (A1); US2012026014 (A1); US2012249343 (A1); US2014125498 (A1); US9230435 (B2),,,,,,,,,,,,,
SEAT SYSTEM FOR AUTONOMOUS VEHICLES,US2017101032 (A1),2017-04-13,SUGIOKA ICHIRO [US];  FRASHER DOUGLAS [US];  NORBERG STEFAN [SE],VOLVO CAR CORP [SE],B60N2/02; B60H1/00; B60J3/04; B60N2/04; B60R16/037; G05D1/02,B60N2/0224; B60N2/0881; B60N2/1892; B60N2/22; B60N2/4626; B60N2002/0268; B60N2002/4425; B60H1/00764; B60H1/00871; B60H1/00878; B60N2/0244; B60N2/045; B60J3/04; B60R16/037; G05D1/0238; B60Q3/80; B60N2002/0272; B60Q3/0293,US201615284939,20161004,EP20150188747 20151007,US3042449 (A); US5283473 (A); US5435625 (A); US6053529 (A); US2007063567 (A1); US2007119647 (A1); US2007135982 (A1); US2007198145 (A1); US2009020988 (A1); US2010295349 (A1); US2012053794 (A1); US2012080920 (A1); US2013002416 (A1); US2013166154 (A1); US2015012186 (A1); US2015094897 (A1); US2015142246 (A1); US2015142247 (A1); US2016159251 (A1); US2017080825 (A1),,,,,,,,,,,,,
SUBJECT TRACKING SYSTEM FOR AUTONOMOUS VEHICLES,US2017097645 (A1),2017-04-06,GARLAND JEFFREY CLYNE [US],GARLAND JEFFREY CLYNE [US],G05D1/12; B64C39/02; B64D47/08; G01C21/16; G05D1/00,G05D1/0094; G01C21/16; B64C39/024; B64D47/08; G01S5/00,US201414562020,20141205,US201414562020 20141205; US201361912018P 20131205,,,,,,,,,,,,,,
Pickup and drop off zones for autonomous vehicles,US9613386 (B1),2017-04-04,ARDEN JENNIFER [US];  CULLINANE BRIAN DOUGLAS [US];  CHAN MIN LI [US];  HUBERT RENAUD-ROLAND [US],GOOGLE INC [US],G01S1/24; G01C21/36; G06Q50/30,G06Q50/30; G01C21/3667,US201514955769,20151201,US201514955769 20151201,US8315796 (B2); US8467962 (B2); US9194168 (B1); US2014380424 (A1); US2015285650 (A1),,,,,,,,US2004148097 (A1); US2012041675 (A1); US2014067488 (A1); US2015006005 (A1),,,,,
Reporting Road Event Data and Sharing with Other Vehicles,US2017092131 (A1),2017-03-30,FAIRFIELD NATHANIEL [US];  HERBACH JOSHUA SETH [US];  CHATHAM ANDREW HUGHES [US];  MONTEMERLO MICHAEL STEVEN [US],GOOGLE INC [US],G08G1/16; B60W30/00; G05D1/00; G05D1/02; G08G1/00,G08G1/161; B60W2050/008; B60W50/00; G05D1/0088; G05D1/0287; G08G1/22; B60W30/00,US201615377139,20161213,US201615377139 20161213; US201414196961 20140304,US9547989 (B2); US8718910 (B2); US2015285656 (A1); US2015100567 (A1); US2003171870 (A1),,,,,,,,,,,,,
Autonomous vehicle fleet service and system,US9606539 (B1),2017-03-28,KENTLEY TIMOTHY DAVID [US];  LEVINSON JESSE SOL [US];  GAMARA RACHAD YOUSSEF [US];  SIBLEY GABRIEL THURSTON [US],ZOOX INC [US],G05D1/02; B60Q1/26; G05D1/00,G05D1/0027; B60Q1/28; B60Q1/30; G05D2201/0213; G07C5/00; B60Q1/26; G05D1/0088; G05D1/0214; G05D1/0291,US201514932959,20151104,US201514932963 20151104; US201514932966 20151104; US201514932940 20151104; US201514756995 20151104; US201514756992 20151104; US201514756991 20151104; US201514756996 20151104,US9194168 (B1); US9201426 (B1); US9384443 (B2); US2005216181 (A1); US2006089763 (A1); US2009036090 (A1); US2009276149 (A1); US2014214260 (A1); US2014244151 (A1); US2014358353 (A1); US2015094850 (A1); US2015149088 (A1); US2015160024 (A1); US2015254986 (A1); US2015292894 (A1); US2015336502 (A1); US2015338226 (A1); US2015339928 (A1); US2015370251 (A1); US2016016315 (A1),,,,,,,,US5558370 (A); US5959552 (A); US6301542 (B1); US6374168 (B1); US6728616 (B1); US7426429 (B2); US8123642 (B2); US8126642 (B2); US8392064 (B2); US8434919 (B2); US8880272 (B1); US8977007 (B1); USD743978S (S); US9395727 (B1); US2004017073 (A1); US2004068354 (A1); US2006064202 (A1); US2006175116 (A1); US2006207820 (A1); US2007096447 (A1); US2007246927 (A1); US2008033645 (A1); US2008084283 (A1); US2008097699 (A1); US2008320421 (A1); US2009240647 (A1); US2010045482 (A1); US2011130111 (A1); US2011288684 (A1); US2012083960 (A1); US2012256448 (A1); US2013054133 (A1); US2013246301 (A1); US2013268138 (A1); US2014032012 (A1); US2014032049 (A1); US2014129135 (A1); US2014129302 (A1); US2014129951 (A1); US2014142830 (A1); US2014185880 (A1); US2014188347 (A1); US2014214255 (A1); US2014257661 (A1); US2014303827 (A1); US2014309833 (A1); US2014333468 (A1); US2014336935 (A1); US2014358427 (A1); US2015025708 (A1); US2015039157 (A1); US2015039391 (A1); US2015057871 (A1); US2015091374 (A1); US2015127224 (A1); US2015127239 (A1); US2015248131 (A1); US2015258928 (A1); US2015268665 (A1); US2015271290 (A1); US2015298636 (A1); US2015336524 (A1); US2015338852 (A1); US2015346727 (A1); US2015348221 (A1); US2015356368 (A1); US2015359032 (A1); US2015375764 (A1); US2016071278 (A1); US2016107703 (A1); US2016159402 (A1); US2016159407 (A1); US2016165775P (P1); US2016165786P (P1); US2016189544 (A1); US2016209220 (A1); US2016247106 (A1); US2016247109 (A1); WO2009151781 (A1); WO2011154681 (A1),,,,,
LIGHTING CONTROL SYSTEM AND METHOD FOR AUTONOMOUS VEHICLES,US9663025 (B2); US2017080850 (A1),2017-03-23,DREXLER SIMON [CA];  RENDALL MATTHEW ALLEN [CA];  GARIEPY RYAN CHRISTOPHER [CA];  HANUSCHIK MIKE [US];  MOHR PAUL [US],CLEARPATH ROBOTICS INC [CA],B60Q1/26; B60Q1/02; B60Q1/34; B60Q1/50,B60Q1/02; B60Q1/26; B60Q1/34; B60Q1/50; B60Q2400/50; B60Y2200/40,US201615259712,20160908,US201615259712 20160908; US201562220391P 20150918,US8599001 (B2); US7415126 (B2); US9547986 (B1); US9399430 (B2); US8781669 (B1); US2017038775 (A1); US7415126 (B2); US8599001 (B2); US8781669 (B1); US9399430 (B2); US9547986 (B1); US2017038775 (A1),,,,,,,,,,,,,
TRAFFIC SIGNAL RESPONSE FOR AUTONOMOUS VEHICLES,KR20170018414 (A),2017-02-17,,,G08G1/0962; B60W30/14; B60W30/18; B60W40/10,G08G1/09623; G08G1/09626; B60W30/09; B60W30/146; B60W30/18154; B60W40/10; G08G1/09623; G08G1/09626; B60W2550/22,KR20177000913,20150716,US201414448299 20140731; WO2015US40698 20150716,,,,,,,,,,,,,,
Method And System Of Location Estimation And Navigation Of Autonomous Vehicles,US2017074964 (A1),2017-03-16,XU JINGWEI [US];  BERNHARDT BRUCE [US];  SHEYNMAN ARNOLD [US],HERE GLOBAL BV [NL],G01S5/02; G01S19/24; G06K7/10,G01S19/46; G01S19/48; G01S5/0263; G01S13/74; G01S13/876; G08G1/20; G01S19/24; G01S5/02,US201514856068,20150916,US201514856068 20150916,,,,,,,,,,,,,,
Battery Management Systems for Autonomous Vehicles,US2017072812 (A1),2017-03-16,VON NOVAK WILLIAM HENRY [US];  IRISH LINDA STACEY [US],QUALCOMM INC [US],B60L11/18; H01M10/42; H01M10/44; H01M10/46,H02J1/10; H02J7/34; B60L11/1811; B60L11/1861; B60L11/1868; B64C39/024; H01M10/4257; H01M10/44; H01M10/46; B64C2201/042; H01M2010/4271,US201514855475,20150916,US201514855475 20150916,,,,,,,,,,,,,,
DRIVING PROFILES FOR AUTONOMOUS VEHICLES,US2017068245 (A1),2017-03-09,SCOFIELD CHRISTOPHER L [US];  SEDLIK SCOTT [US],INRIX INC [US],G05D1/00; A61B5/00; A61B5/0205; A61B5/0476; G01C21/34; G05D1/02; H04B1/3822; H04L29/08,G06N99/005; G06Q30/0283; G06Q40/08; G08G1/0112; G08G1/0129; G08G1/0141; G08G1/096811; H04W4/001; H04W4/046; G06Q50/30; G06Q2240/00; H04M15/60; H04L67/306; A61B5/02055; A61B5/0476; A61B5/4845; B60R16/0236; B60W30/143; B64C39/024; G01C21/3415; G01C21/3469; G05D1/0011; G05D1/0088; G05D1/021; G06F17/30241; G08G1/012; G08G1/0145; G08G1/07; G08G1/0962; G08G1/0965; G08G1/0967; G08G1/096791; G08G1/096822; G08G1/096838; G08G1/097; G07B15/00; G07C5/008; H04B1/3822; H04B7/18504; H04L9/3247; H04W12/08; G06Q20/102; H04L67/02; A61B5/024; A61B5/0531; G08G1/065; B60W2710/1044; B60W2710/18; B60W2720/10; B64C2201/123,US201515122704,20150302,US201515122704 20150302; US201461946962P 20140303; WO2015US18285 20150302,,,,,,,,,,,,,,
Altering autonomous or semi-autonomous vehicle operation based on route traversal values,US9587952 (B1),2017-03-07,SLUSAR MARK V [US],ALLSTATE INSURANCE CO [US],G01C21/34; G01S19/13; G05D1/00,G01C21/3415; G01C21/3492; G06Q10/00,US201514849045,20150909,US201514849045 20150909,US8606512 (B1); US2006149461 (A1); US2009005979 (A1),,,,,,,,US7499774 (B2); US7979172 (B2); US7991551 (B2); US8165806 (B2); US8301108 (B2); US8412449 (B2); US8576069 (B2); US8634980 (B1); US8781669 (B1); US8812186 (B2); US8823530 (B2); US8849494 (B1); US8914225 (B2); US8954217 (B1); US2012139755 (A1); DE102011089938 (A1); WO2013006826 (A2); WO2014148975 (A1),,,,,
METHODS AND DEVICES FOR SAFE OPERATION OF UNDERSIZE AUTONOMOUS VEHICLES ON PUBLIC ROADS,US2017050637 (A1),2017-02-23,HARVEY THOMAS DANAHER [US],HARVEY THOMAS DANAHER [US],B60W30/09; B60Q1/26; G05D1/00; G08G1/16,B60Q1/2611; B60Q1/2657; B60Q1/503; B62D35/00; B60W30/09; G05D1/0088; G08G1/16; B60W2550/30; B60W2710/30; B60Q2300/41; B60Q2300/42,US201615344781,20161107,US201615344781 20161107; US201514967805 20151214,,,,,,,,,,,,,,
AUTONOMOUS VEHICLE OPERATED WITH GUIDE ASSISTANCE OF HUMAN DRIVEN VEHICLES,US2017060129 (A1),2017-03-02,ROSS WILLIAM [US];  BARES JOHN [US];  LAROSE DAVID [US];  SWEENEY MATTHEW [US],UBER TECH INC [US],G05D1/00; G05D1/02,G05D1/0027; G05D1/0234; G06K9/00791; G08G1/0962; G08G1/22; G01S13/867; G08G1/165; G08G1/166; G01S2013/9357; G01S2013/936; G01S2013/9364; G01S2013/9367; G05D2201/0213; B60W30/00; G08B25/00; H04L67/12; G01C21/34; G05D1/0022; G05D1/0274; G05D1/0278; G05D1/0287; G08G1/161,US201615349793,20161111,US201615349793 20161111; US201514711506 20150513,,,,,,,,,,,,,,
System and methods to support autonomous vehicles via environmental perception and sensor calibration and verification,CN106463049 (A),2017-02-22,CAVALCANTI DAVE ALBERTO TAVARES;  SZCZODRAK MARCIN KRZYSZTOF;  DE OLIVEIRA TALMAI BRANDAO;  YANG YONG,KONINKLIJKE PHILIPS NV,G08G1/01; G08G1/04; G08G1/09; H05B37/02,G08G1/0116; G08G1/0141; G08G1/04; G08G1/091; H05B37/0272; G05D1/0285; B60W2550/00,CN2015817930,20150402,US201461975244P 20140404; WO2015IB52421 20150402,,,,,,,,,,,,,,
User interface for displaying internal state of autonomous driving system,US9582907 (B1),2017-02-28,SZYBALSKI ANDREW TIMOTHY [US];  PRADA GOMEZ LUIS RICARDO [US];  NEMEC PHILIP [US];  URMSON CHRISTOPHER PAUL [US];  THRUN SEBASTIAN [US],GOOGLE INC [US],G06T11/20; B60W50/14; G01C21/36; G06T11/00,B60W50/14; B60K35/00; B60W30/12; B60W30/16; B60K2350/1076; B60W2050/146; B60W2550/14; B60W2550/30; B60W2550/402; G01C21/367; G01C21/3676; G06T11/001; G06T11/20; G06T2207/30252,US201514820947,20150807,US201514820947 20150807; US201414333804 20140717; US201313781113 20130228; US201213682920 20121121; US20100769252 20100428,US8269652 (B2); US2010256852 (A1); US2014136414 (A1); US2015211870 (A1),,,,,,,,US5521579 (A); US5644386 (A); US5684697 (A); US5774069 (A); US5835870 (A); US5838562 (A); US5874904 (A); US5906645 (A); US5983161 (A); US6044312 (A); US6185499 (B1); US6275773 (B1); US6324463 (B1); US6337638 (B1); US6396417 (B2); US6487500 (B2); US6516262 (B2); US6590499 (B1); US6768962 (B2); US6810330 (B2); US6868934 (B2); US7209221 (B2); US7295904 (B2); US7319777 (B2); US7321311 (B2); US7327238 (B2); US7430473 (B2); US7446649 (B2); US7486176 (B2); US7486177 (B2); US7499774 (B2); US7630806 (B2); US7769498 (B2); US7783403 (B2); US7865310 (B2); US7894951 (B2); US7925438 (B2); US7979172 (B2); US7979173 (B2); US7987030 (B2); US8050863 (B2); US8126642 (B2); US8204670 (B2); US8260482 (B1); US8320628 (B2); US8352110 (B1); US8384532 (B2); US8395529 (B2); US8432372 (B2); US8433470 (B1); US8482431 (B2); US8527199 (B1); US2005234612 (A1); US2006089765 (A1); US2008071177 (A1); US2008119994 (A1); US2008306668 (A1); US2009147996 (A1); US2009322547 (A1); US2010063663 (A1); US2010085173 (A1); US2010168998 (A1); US2010179715 (A1); US2010222976 (A1); US2010228417 (A1); US2010332127 (A1); US2011140919 (A1); US2011187518 (A1); US2011193722 (A1); US2012035788 (A1); US2012109418 (A1); US2012269391 (A1); US2012283942 (A1); US2012288156 (A1); US2013107557 (A1); US2013129150 (A1); US2013131905 (A1); US2013131906 (A1); US2013131907 (A1); US2014111325 (A1); US2014139341 (A1); CN1179217 (A); DE102009033752 (A1); EP2168835 (A1); JP2004206510 (A); JP2005212747 (A); JP2005250564 (A); JP2008049888 (A); JP4203857B (B2); JP2009035221 (A); JP2010512592 (A); JP2012246844 (A),,,,,
METHODS TO OPERATE AUTONOMOUS VEHICLES TO PILOT VEHICLES IN GROUPS OR CONVOYS,US2017038777 (A1),2017-02-09,HARVEY THOMAS DANAHER [US],HARVEY THOMAS DANAHER [US],G05D1/02; B60W30/06; G05D1/00,G05D1/0297; E04H6/422; G05D2201/0213; B60Q1/50; B60W30/06; G05D1/0022; G05D1/0027; G05D1/0088; G05D1/0295; G08G1/20; G08G1/22; G08G1/168; G05D1/0293,US201615296155,20161018,US201615296155 20161018; US201615171119 20160602; US201615047781 20160219; US201514837144 20150827; US201514611253 20150201; US201662276895P 20160110; US201514837114 20150827,,,,,,,,,,,,,,
METHODS FOR MINIMIZING INCORRECT SENSOR DATA ASSOCIATIONS FOR AUTONOMOUS VEHICLES,JP2017037641 (A),2017-02-16,XUE MEI;  NAGASAKA NAOKI;  OKUMURA FUMIHIRO,TOYOTA MOTOR ENG & MFG NORTH AMERICA INC,G08G1/16; G01S13/87; G01S13/93; G01S17/93; G05D1/02,G01S17/42; G01S17/936; G01S13/42; G01S13/58; G01S13/865; G01S13/931; B60W30/0956,JP20160148650,20160728,US201514813429 20150730,,,,,,,,,,,,,,
AUTONOMOUS VEHICLES,KR20170008215 (A),2017-01-23,,,G05D1/00; B60K28/02; G05D1/02; G08B25/01,B60K35/00; G08B25/016; B60K2350/1008; B60K28/02; G05D1/0055; G05D1/02,KR20167030982,20150522,US201462002319P 20140523; US201414455215 20140808; WO2015US32171 20150522,,,,,,,,,,,,,,
NAVIGATION DEVICE FOR AUTONOMOUS VEHICLE,JP2017026562 (A),2017-02-02,TAKAHASHI NORIHIRO;  TAGUCHI KOJI,TOYOTA MOTOR CORP,G01C21/34; G08G1/16,G01C21/3461; G01C21/20; G01C21/3605; G05D1/0088; G05D1/0212,JP20150148325,20150728,JP20150148325 20150728,,,,,,,,,,,,,,
METHOD FOR UNATTENDED OPERATIONS USING AUTONOMOUS OR REMOTELY OPERATED VEHICLES,WO2017019728 (A1),2017-02-02,MEIER BRIAN S [US];  FIORENZANI TIZIANO [US],XWORKS CORP [US],G05D1/02,B64C39/024; G05D1/0225; G05D1/0676; B64C2201/128; B64C2201/141,WO2016US44175,20160727,US201562197401P 20150727; US201662359464P 20160707,,,,,,,,,,,US2014203140 (A1); US2014124621 (A1); US2013332008 (A1); US2005263649 (A1); EP1767453 (A1),,,
ADAPTIVE ROAD MODEL MANAGER,US2017031359 (A1),2017-02-02,SHASHUA AMNON [IL];  GDALYAHU YORAM [IL];  SPRINGER OFER [IL];  TAIEB YOAV [IL],MOBILEYE VISION TECHNOLOGIES LTD [IL],G05D1/00; G01C21/34; G05D1/02,G01C21/32; G06F17/30241; B62D15/025; B60W30/14; B60W30/18; G01C21/14; G01C21/165; G01C21/34; G01C21/3407; G01C21/3476; G01C21/36; G01C21/3623; G01C21/3644; G01C21/3691; G05D1/0088; G05D1/0212; G05D1/0221; G05D1/0246; G05D1/0251; G05D1/0253; G05D1/0278; G05D1/0287; G06K9/00791; G06K9/00798; G06K9/00818; G08G1/0112; G08G1/09623; G08G1/096725; G08G1/096805; G08G1/167; G06F17/30377; G01S19/10; B60W2420/42; B60W2550/22; B60W2710/18; B60W2710/20; B60W2720/10; G05D2201/0213; H04L67/12; G06T7/00; G06T2207/20081; G06T2207/30256; G06T2207/30261,US201615273612,20160922,US201615273612 20160922; WO2016US17411 20160210; US201562114091P 20150210; US201562164055P 20150520; US201562170728P 20150604; US201562181784P 20150619; US201562192576P 20150715; US201562215764P 20150909; US201562219733P 20150917; US201562261578P 20151201; US201562261598P 20151201; US201562267643P 20151215; US201562269818P 20151218; US201562270408P 20151221; US201562270418P 20151221; US201562270431P 20151221; US201562271103P 20151222; US201662274883P 20160105; US201662274968P 20160105; US201662275007P 20160105; US201662275046P 20160105; US201662277068P 20160111,,,,,,,,,,,,,,
Backend system for route planning of autonomous vehicles,US9557183 (B1),2017-01-31,ROSS WILLIAM [US];  AITKEN MICHAEL [US],UBER TECH INC [US],H04W4/02; G01C21/34; G06Q50/30; G08G1/00; H04W4/00; H04W84/04; H04W84/18,G06Q50/30; G08G1/096816; G08G1/096844; G08G1/202; H04W4/008; H04W84/042; H04W84/18; G01C21/34,US201514962974,20151208,US201514962974 20151208,US8818719 (B1); US2002029108 (A1); US2005171654 (A1); US2008097688 (A1); US2009196234 (A1); US2013073327 (A1); US2013218469 (A1); US2014188377 (A1); US2014309864 (A1); US2014355476 (A1); US2015215738 (A1); US2015339928 (A1),,,,,,,,US6339745 (B1); US7904092 (B2); US8417239 (B1); US8452310 (B1); US9025463 (B1); US9087348 (B2); US2003073442 (A1); US2005090226 (A1); US2005168353 (A1); US2006059024 (A1); US2006189353 (A1); US2007077945 (A1); US2008186882 (A1); US2009005097 (A1); US2009196258 (A1); US2009254254 (A1); US2010082193 (A1); US2010151865 (A1); US2011171960 (A1); US2011227757 (A1); US2013115956 (A1); US2013122934 (A1); US2013182575 (A1); US2013225229 (A1); US2013279349 (A1); US2014180501 (A1); US2014309814 (A1); US2015023256 (A1); US2015063144 (A1); US2015081212 (A1); US2015133167 (A1); US2015149078 (A1); US2015264519 (A1); US2015281906 (A1); US2016006723 (A1); US2016073117 (A1),,,,,
Fall back trajectory systems for autonomous vehicles,US9551992 (B1),2017-01-24,BARTON-SWEENEY ANDREW [US];  EGNOR DANIEL TRAWICK [US];  FAIRFIELD NATHANIEL [US],GOOGLE INC [US],G05D1/00; G05D1/02,G05D1/0282; G05D2201/0213; B60W30/00; G06Q10/00; G08G1/00,US201614991150,20160108,US201614991150 20160108,US8433470 (B1); US8880272 (B1); US9120485 (B1); US9235211 (B2); US9405293 (B2); US2010106356 (A1); US2012083959 (A1); US2013197719 (A1); US2013304300 (A1); US2014358327 (A1); US2015012166 (A1); US2015019042 (A1); US2015142244 (A1); US2015246678 (A1); US2016167519 (A1); US2016200317 (A1),,,,,,,,US6442456 (B2); US9063546 (B2); US2014114526 (A1),,,,,
SIZE ADJUSTMENT OF FORWARD OBJECTS FOR AUTONOMOUS VEHICLES,US2017015313 (A1); US9616886 (B2),2017-01-19,MEI XUE [US];  NAGASAKA NAOKI [US];  OKUMURA BUNYO [US],TOYOTA MOTOR ENG & MFG NORTH AMERICA INC [US],B60W30/09; B60W10/04; B60W10/20; G05D1/00,B60W30/12; B60W30/16; B60W2420/52; B60W10/04; B60W10/20; B60W30/09; G05D1/0088; B60W2550/10; B60W2550/30; B60W2710/20; B60W2720/10,US201514801019,20150716,US201514801019 20150716,US4931930 (A); US7991550 (B2); US9128185 (B2); US2012116662 (A1); US2013243247 (A1),,,,,,,,US7046841 (B1); US8027029 (B2); US8351684 (B2); US8594927 (B2); US8605998 (B2); US8766975 (B2); US2013242284 (A1),,,,,
METHODS FOR LANE CHANGING FOR AUTONOMOUS VEHICLES,JP2017001665 (A),2017-01-05,NAGASAKA NAOKI;  PROKHOROV DANIL V,TOYOTA MOTOR ENG & MFG NORTH AMERICA INC,B60W30/10; B62D6/00; G05D1/02; G08G1/00; G08G1/16,B60W30/16; B60W30/18163; B60W2550/30,JP20160112466,20160606,US201514732958 20150608,,,,,,,,,,,,,,
SYSTEM AND METHOD FOR PREDICTING BEHAVIORS OF DETECTED OBJECTS,EP3176666 (A1),2017-06-07,ZHU JIAJUN [US];  FERGUSON DAVID I [US];  DOLGOV DMITRI A [US],GOOGLE INC [US],G05D1/02,G05D1/0055; B60W30/186; B60W2050/0292; B60W2530/14; B60W2550/22; G05D2201/0213; B60R1/00; B60W30/08; G01C21/3617; G06K9/00201; G06K9/00805; G06T7/0044; G06T7/0057; G06T7/20; B62D6/00; G06K9/00791; G06K9/00798; G06K9/3241; B60R2300/30; G06T2207/10004; G06T2207/10028; G06T2207/30236; G06T2207/30252; G06T2207/30261; G05D1/0088; G05D1/021; G05D1/0214; G05D1/0276; G05D1/024; G05D1/0246; G05D1/0257; G05D1/0274; G05D1/0278,EP20170151573,20111005,US20100390094P 20101005; US20100391271P 20101008; US201113251705 20111003; EP20110831503 20111005,US2010205132 (A1); US2009005959 (A1); US2010010699 (A1),,,,,,,,,,,,,
Augmented trajectories for autonomous vehicles,US9541410 (B1),2017-01-10,HERBACH JOSHUA SETH [US];  FAIRFIELD NATHANIEL [US],GOOGLE INC [US],G01C22/00; G01C21/34; G05D1/00,G05D1/0214; G05D1/0297; G05D2201/0213; B60W30/00; G01C21/34,US201514679471,20150406,US201514679471 20150406; US201313837573 20130315,US5983161 (A); US6064926 (A); US6836701 (B2); US7050909 (B2); US7272474 (B1); US7499804 (B2); US7539557 (B2); US7627406 (B2); US7734387 (B1); US7843431 (B2); US7894951 (B2),,,,,,,,US7979174 (B2); US8229618 (B2); US8260483 (B2); US8280623 (B2); US8311730 (B2); US8315789 (B2); US8374743 (B2); US8521415 (B2); US8532862 (B2); US8554397 (B1); US8571742 (B2); US8577538 (B2); US8660734 (B2); US8849494 (B1); US8996224 (B1); US9008890 (B1); US2005171654 (A1); US2006155437 (A1); US2007129869 (A1); US2007198145 (A1); US2007283036 (A1); US2008014908 (A1); US2008027591 (A1); US2008125972 (A1); US2008243388 (A1); US2009088916 (A1); US2009287367 (A1); US2010082193 (A1); US2010106356 (A1); US2011035086 (A1); US2011071718 (A1); US2011184605 (A1); US2011211036 (A1); US2011241862 (A1); US2012022716 (A1); US2012083959 (A1); US2012083960 (A1); US2012086573 (A1); US2012101680 (A1); US2012158280 (A1); EP1395888 (A2); EP2277758 (A2); EP2405383 (A1); WO2012047977 (A2); WO2012047980 (A2),,,,,
"Electronic assessments, and methods of use and manufacture thereof",US9536149 (B1),2017-01-03,CESARANO PATRICK C [US],PROXY TECH INC [US],G01R29/08; G05D1/00; G06K9/00; G06K9/62,G05D1/0094; G05D1/0259; G06K9/00637; G05D2201/0209,US201615092558,20160406,US201615092558 20160406; US201662291344P 20160204,US8060270 (B2); US9129355 (B1); US2006079997 (A1); US2010215212 (A1); US2014336928 (A1),,,,,,,,,,,,,
AUTOMATIC GUIDED TRANSPORT SYSTEM COMPRISING A UNIVERSAL PLATFORM,WO2017093658 (A1),2017-06-08,ORTAIS PAUL [FR],ORTAIS PAUL [FR],B61L27/04; B61B3/02; B61L11/00; B61L25/02,B61L27/04; B61L11/00; B61L25/025; B61B3/02,WO2016FR53141,20161130,FR20150061641 20151201,,,,,,,,,,,WO2006049617 (A2); WO2006107224 (A2); US4503778 (A); WO2015005873 (A1); WO02070317 (A1); US2001037746 (A1); WO2013070799 (A1); FR2668139 (A1),,,
AUTONOMOUS VEHICLE SAFETY SYSTEMS AND METHODS,US2016378112 (A1),2016-12-29,LJUBUNCIC IGOR [GB];  SACK RAPHAEL [IL];  RIDER TOMER [IL];  TAITE SHAHAR [IL],INTEL CORP [US],G05D1/00; B60Q5/00; B60W30/16; G06K9/00,G06K9/00597; G06K9/00845; G06K9/00838; B60Q5/005; B60W30/16; G05D1/0055; G05D1/0088,US201514752572,20150626,US201514752572 20150626,,,,,,,,,,,,,,
System and Method for Controlling Semi-Autonomous Vehicles,US2016375901 (A1),2016-12-29,DI CAIRANO STEFANO [US];  LAN XIAODONG [US],MITSUBISHI ELECTRIC RES LABORATORIES INC [US],B60W30/09; G01C21/34,B60W50/0097; B60W50/087; B60W30/09; B60W30/10; B60W2550/10; G01C21/34; G01C21/3453,US201514753162,20150629,US201514753162 20150629,US9229453 (B1),,,,,,,,,,,,,
Method and apparatus for operator supervision and direction of highly autonomous vehicles,US9529357 (B1),2016-12-27,EGGERS JEFFREY [US];  DRAPER MARK [US];  SHAW ROBERT [US];  HAMELL JOSHUA [US];  RUFF HEATH [US],THE US SECRETARY OF THE AIR FORCE [US],G05D1/00,G05D1/0027; G05D1/0044,US201414298992,20140609,US201414298992 20140609; US201361835860P 20130617,US8694184 (B1); US2008088185 (A1); US2009232506 (A1); US2010305781 (A1); US2012280087 (A1); US2014079053 (A1); EP0743599 (A2),,,,,,,,,,,,,
Determining Pickup and Destination Locations for Autonomous Vehicles,US2016370194 (A1),2016-12-22,COLIJN PETER [US];  HERBACH JOSHUA SETH [US];  MCNAUGHTON MATTHEW PAUL [US],GOOGLE INC [US],G01C21/34; G08G1/00,G01C21/343; G08G1/202; G01C21/34,US201514745799,20150622,US201514745799 20150622,,,,,,,,,,,,,,
DYNAMIC ROUTING INTELLIGENT VEHICLE ENHANCEMENT SYSTEM,US2016370199 (A1),2016-12-22,RALSTON ROBERT E [US];  BLOOM JUSTIN D [US],FEENEY WIRELESS LLC [US],G01C21/34; G08G1/01; G08G1/0967,G01C21/3492; G08G1/0116; G08G1/0133; G08G1/0141; G08G1/0145; G08G1/096741; G08G1/096775; G08G1/096783; G08G1/096811; G08G1/096844; G08G1/0108; G01C21/26,US201615257487,20160906,US201615257487 20160906; US201314134738 20131219,,,,,,,,,,,,,,
DUCTED OBLIQUE-ROTOR VTOL VEHICLE,US2016368601 (A1); US9688396 (B2),2016-12-22,AVERY JOHN LEONARD [US],AVERY JOHN LEONARD [US];  AVERY AEROSPACE CORP [US],B64C29/00; B64C13/30; B64C27/59; B64C39/00,B64C15/00; B64C29/0025; B64C1/0009; B64C13/30; B64C27/625; Y02T50/44; Y02T50/12,US201514742878,20150618,US201514742878 20150618,US3026066 (A); US3454238 (A); US5454531 (A); US3135480 (A); US3026066 (A); US3135480 (A); US3454238 (A); US5454531 (A),,,,,,,,US1822386 (A); US2461435 (A); US2567392 (A); US2777649 (A); US2828929 (A); US2880945 (A); US2955780 (A); US2968453 (A); US3184183 (A); US3397852 (A); US4022405 (A); US4795111 (A); US4796836 (A); US5064143 (A); US5115996 (A); US5295643 (A); US5419514 (A); US6450445 (B1); US6464166 (B1); US6883748 (B2); US6892979 (B2); US7032861 (B2); US7246769 (B2); US7249732 (B2); US7857253 (B2); US8651432 (B2); US8733690 (B2); US8931729 (B2); US2009084907 (A1); US2009224095 (A1); US2010270419 (A1); US2011042509 (A1); US2011042510 (A1); US2011049306 (A1); US2011155859 (A1); US2011168834 (A1); US2013105635 (A1),,,,,
"MANAGEMENT CONTROL SYSTEM, MANAGEMENT CONTROL DEVICE, AND IN-VEHICLE TERMINAL DEVICE",WO2016203796 (A1),2016-12-22,KANAI MASAKI [JP];  KATOU MANABU [JP];  HAMADA TOMOYUKI [JP],HITACHI CONSTRUCTION MACH CO [JP],G08G1/00; B60R21/00; G08G1/0969; G08G1/16,B60R21/00; G08G1/00; G08G1/0969; G08G1/16,WO2016JP57470,20160309,JP20150122022 20150617,,,,,,,,,,,JP5714129B (B1); JP2007323675 (A); WO2016051818 (A1),,,
Countermeasures for threats to an uncrewed autonomous vehicle,US9524648 (B1),2016-12-20,GOPALAKRISHNAN VARADARAJAN [US];  JOHANSSON JESPER MIKAEL [US];  MACKRAZ JAMES DOMIT [US];  MCCLINTOCK JON ARRON [US];  PORTER BRANDON WILLIAM [US];  ROTHS ANDREW JAY [US],AMAZON TECH INC [US],G05D1/00; G08G5/00; H04N7/00,B64C39/024; G05D1/0055; G06F21/554; G08G5/0008; G08G5/0056; G08G5/0069; G08G5/0082; G06F21/00; G05D1/0027,US201414543198,20141117,US201414543198 20141117,US8908573 (B1); US2005223288 (A1); US2008191924 (A1); US2010302359 (A1); US2011046817 (A1); US2011202203 (A1); US2013133026 (A1); US2014222248 (A1); US2015203213 (A1); US2015271208 (A1); US2016068264 (A1),,,,,,,,,,,,,
"System and method for secure, privacy-aware and contextualised package delivery using autonomous vehicles",US9523986 (B1),2016-12-20,ABEBE ERMYAS [AU];  KARUNAMOORTHY DILEBAN [AU];  STEER KENT [AU],IBM [US],G05B19/18; B64C39/02; G05D1/00; G05D1/10,G06Q10/083; G08G5/0034; G08G5/0069; B64C39/024; B64C2201/128,US201514959059,20151204,US201514959059 20151204,US8825226 (B1); US2015248640 (A1),,,,,,,,US4790402 (A); US8930044 (B1); US9022324 (B1); US2014254896 (A1); US2015154557 (A1); US2015242972 (A1),,,,,
Remote assistance for autonomous vehicles in predetermined situations,CN106232444 (A),2016-12-14,FAIRFIELD NATHANIEL;  HERBACH JOSHUA SETH;  FURMAN VADIM,GOOGLE INC,B60W40/02; B60R16/02; B60W50/10,G05D1/0027; G05D1/0044; G05D2201/0213; B60W30/00; G05D1/0011; G05D1/0033,CN2015820571,20150209,US201414195682 20140303; WO2015US15039 20150209,,,,,,,,,,,,,,
AUTONOMOUS FLEET SIZE MANAGEMENT,AU2016203026 (A1),2016-12-08,HUMPHREY JAMES,CATERPILLAR INC,G06Q10/08; B60R16/02; E21C41/26; G07C5/02,G06Q10/06313; G05D1/0027; G07C5/008; G05D2201/021; G01C21/3407,AU20160203026,20160510,US201514719515 20150522,,,,,,,,,,,,,,
SITUATIONAL AND PREDICTIVE AWARENESS SYSTEM,US2016363935 (A1),2016-12-15,SHUSTER GARY [US];  GOLDSMITH DAVID [US],SHUSTER GARY [US];  GOLDSMITH DAVID [US],G05D1/00; B60L7/10; B60R16/023; G01C21/34; G01C21/36; G08G1/0967; H04L29/06; H04L29/08,G01C21/3602; G08G1/0112; G08G1/0116; G08G1/0133; G08G1/0141; G08G1/017; G08G1/0175; G08G1/04; G08G1/054; G08G1/08; G08G1/09623; G08G1/096716; G08G1/096758; G08G1/096775; G08G1/096791; G08G1/162; G08G1/163; G08G1/164; G08G1/167; G08G1/205; G09B9/04; G09B19/167; H04L67/12; B60L7/10; B60W40/00; G09B29/006,US201615183724,20160615,US201615183724 20160615; US201562175979P 20150615,,,,,,,,,,,,,,
Wireless visualization interface for autonomous ground vehicle signal coverage,US9519880 (B1),2016-12-13,COHN JONATHAN [US],AMAZON TECH INC [US],G06Q10/08; B65G1/137; G05D1/00; G05D1/02; G06F3/0482; G06F3/0484; G06F17/00; H04L29/08; H04W16/20; H04W28/00; G05B19/418,G06Q10/08; G05D2201/0216; Y02P90/18; B65G1/137; H04L67/12; G05D1/0297; G06F3/0482; H04W16/20; H04W28/00; G06F3/04842; G05B19/41895,US201615008847,20160128,US201615008847 20160128; US201414497110 20140925,,,,,,,,,US6664925 (B1); US7539495 (B2); US8000276 (B2); US8280547 (B2); US2002035418 (A1); US2004236547 (A1); US2012143427 (A1); US2014198670 (A1),,,,,
SITUATION-BASED TRANSFER OF VEHICLE SENSOR DATA DURING REMOTE OPERATION OF AUTONOMOUS VEHICLES,US9690290 (B2); US2016358475 (A1),2016-12-08,PROKHOROV DANIL V [US],TOYOTA MOTOR ENG & MFG NORTH AMERICA INC [US],G08G1/16; G05D1/00,G05D1/0022; G08G1/165; G08G1/166; G08G5/0013; G08G5/0069; G08G5/0078; G08G5/0091; G05D2201/0213; G05D1/0011; G05D1/0088; B60W2040/0818,US201514731254,20150604,US201514731254 20150604,US2015198951 (A1); US7894951 (B2); US8954194 (B2); US2016139594 (A1); US2008033603 (A1); US7894951 (B2); US2015348112 (A1); US2015248131 (A1); US7894951 (B2); US8954194 (B2); US2008033603 (A1); US2015198951 (A1); US2015248131 (A1); US2015348112 (A1); US2016139594 (A1),,,,,,,,US5448479 (A); US8160811 (B2); US8972081 (B2),,,,,
FALLBACK REQUESTS FOR AUTONOMOUS VEHICLES,US2016351056 (A1),2016-12-01,HERBACH JOSHUA SETH [US];  NEMEC PHILIP [US];  FAIRFIELD NATHANIEL [US],GOOGLE INC [US],G08G1/00; G05D1/00; G06F9/46,B60W50/029; G05D1/0297; B60W2050/0005; B60W2050/0006; B60W2560/02; G05D2201/0213; G06F9/46; G06F9/4881; G06F9/546; G08G1/00; G08G1/202; G05D1/0088,US201615153117,20160512,US201615153117 20160512; US201514721604 20150526,,,,,,,,,,,,,,
CONTACT CENTER DELIVERY IN-BUILDING HOMING SERVICE,US2016350702 (A1),2016-12-01,MATULA VALENTINE C [US];  SKIBA DAVID [US];  ERHART GEORGE [US],AVAYA INC [US],G06Q10/08; B64C39/02; G05D1/10; G06Q30/06; H04H20/53; H04L12/24; H04L29/12; H04W4/04,G06Q10/083; H04W4/043; G06Q30/0635; H04L61/6081; B64C39/024; G01C21/00; H04H20/53; H04L41/22; H04L61/6022; B64C2201/128; B64C2201/141; G05D1/101,US201615233465,20160810,US201615233465 20160810; US201414512666 20141013,,,,,,,,,,,,,,
Teleoperation system and method for trajectory modification of autonomous vehicles,US9507346 (B1),2016-11-29,LEVINSON JESSE SOL [US];  KENTLEY TIMOTHY DAVID [US];  SIBLEY GABRIEL THURSTON [US];  GAMARA RACHAD YOUSSEF [US];  REGE ASHUTOSH GAJANAN [US];  LINSCOTT GARY [US],ZOOX INC [US],G05D1/02; G05D1/00; G06F3/0481; G06F3/0484; G09G5/36,G06F3/1454; G06F3/147; G05D1/0027; G05D1/0044; G09G5/14; G05D2201/0213; G09G2360/08; G09G2370/16; G09G2380/10; G09G5/363; G06F3/04847; G06F3/04842; G09G2354/00; G05D1/0011; G05D1/0088; G05D1/0214; G05D1/0276; G05D1/0291,US201514932966,20151104,US201514932959 20151104; US201514932963 20151104; US201514932940 20151104; US201514756995 20151104; US201514756992 20151104; US201514756991 20151104; US201514756996 20151104,US2015025708 (A1); US2015248131 (A1); US2015359032 (A1); US2015375764 (A1),,,,,,,,US5959552 (A); US6301542 (B1); US6374168 (B1); US8392064 (B2); US8880272 (B1); US8977007 (B1); USD743978S (S); US9194168 (B1); US9201426 (B1); US2005216181 (A1); US2006064202 (A1); US2006089763 (A1); US2006175116 (A1); US2006207820 (A1); US2008033645 (A1); US2008084283 (A1); US2008097699 (A1); US2008320421 (A1); US2009036090 (A1); US2011130111 (A1); US2011288684 (A1); US2012083960 (A1); US2013246301 (A1); US2014032012 (A1); US2014032049 (A1); US2014129135 (A1); US2014129302 (A1); US2014129951 (A1); US2014185880 (A1); US2014214255 (A1); US2014214260 (A1); US2014303827 (A1); US2014309833 (A1); US2014333468 (A1); US2014336935 (A1); US2014358353 (A1); US2014358427 (A1); US2015039157 (A1); US2015091374 (A1); US2015127239 (A1); US2015160024 (A1); US2015254986 (A1); US2015258928 (A1); US2015268665 (A1); US2015271290 (A1); US2015292894 (A1); US2015298636 (A1); US2015336524 (A1); US2015338226 (A1); US2015339928 (A1); US2015348221 (A1); US2015356368 (A1); US2015370251 (A1); US2016016315 (A1); US2016071278 (A1); US2016189544 (A1); WO2009151781 (A1),,,,,
SECURED CONTAINER SYSTEM FOR UNATTENDED DELIVERIES,WO2017085316 (A1),2017-05-26,CLARKE PAUL [GB];  INGRAM-TEDD ANDREW JOHN [GB];  KAROLINCZAK PAWEL [GB],OCADO INNOVATION LTD [GB],G06Q10/08; G06Q50/28,G06Q10/08; G06Q50/28,WO2016EP78312,20161121,GB20150020522 20151120; GB20160003420 20160226; GB20160003419 20160226; GB20160001294 20160125,,,,,,,,,,,US2015321595 (A1); WO2007047510 (A2); EP2441327 (A1),,,
Unique signaling for autonomous vehicles to preserve user privacy,US9494938 (B1),2016-11-15,KEMLER BRIAN [US];  FREDINBURG DAN [US],GOOGLE INC [US],G08G1/00; G05D1/00,G05D1/0022; G08G1/202; G05D2201/0213; G06Q10/00; G05D1/0088,US201414244404,20140403,US201414244404 20140403,US6356838 (B1); US2002058517 (A1); US2004076280 (A1); US2005153707 (A1); US2007197231 (A1); US2009192851 (A1); US2009234573 (A1); US2010228574 (A1); US2010241349 (A1); US2010293030 (A1); US2011099040 (A1); US2012041675 (A1),,,,,,,,US6545601 (B1); US7920071 (B2); US8346426 (B1); US2002028002 (A1); US2002038181 (A1); US2002075201 (A1); US2002183920 (A1); US2003125845 (A1); US2003222794 (A1); US2004102898 (A1); US2004128065 (A1); US2005018066 (A1); US2005104745 (A1); US2005114014 (A1); US2005225636 (A1); US2005231419 (A1); US2007279521 (A1); US2010194596 (A1); US2010265048 (A1); US2010332133 (A1); US2011050463 (A1); US2011068954 (A1); US2011216200 (A1); US2011313594 (A1); US2012130627 (A1); US2012154591 (A1); US2012191269 (A1); US2012277952 (A1); US2013046456 (A1); US2013144660 (A1); US2013149998 (A1); US2013204463 (A1); US2013211916 (A1); US2013286206 (A1); US2013289858 (A1); US2014172727 (A1); US2014200739 (A1); US2015199619 (A1); US2015220791 (A1),,,,,
SERVICE CONTINUITY METHOD PROVIDED BY A RESIDENTIAL GATEWAY,WO2017068263 (A1),2017-04-27,BOUCADAIR MOHAMED [FR];  BINET DAVID [FR],ORANGE [FR],H04L12/28; H04L12/54; H04L12/66; H04L29/14,H04L12/6418; H04L12/2834; H04L12/5692; H04L12/66; H04L69/40,WO2016FR52644,20161013,FR20150060158 20151023,,,,,,,,,,,WO2010044714 (A1); EP2273763 (A1); WO2015121563 (A1),,,
SYSTEM AND METHOD FOR CONTROLLING A VEHICLE,US2016313735 (A1),2016-10-27,BERKEMEIER MATTHEW D [US],AUTONOMOUS SOLUTIONS INC [US];  AUTONOMOUS SOLUTIONS INC [US],G05D1/00; G01C21/34; G05D1/02,A01B69/008; G05D1/0212; G05D2201/0201,US201615138065,20160425,US201615138065 20160425; US201562152203P 20150424,,,,,,,,,,,,,,
CONTACTLESS CHARGER AND BATTERY MANAGEMENT,US2016311329 (A1),2016-10-27,RODRIGUEZ CRISTIAN A SOBOTA [ES],RODRIGUEZ CRISTIAN A SOBOTA [ES],B60L11/18,B60L11/182; B60L11/1824; B60L11/1838; B60L11/1853; H02J7/00; H02J7/0027; H02J7/0042; H02J7/0093; H02J7/025; H02J7/06; H02J50/80; Y02T10/7005; Y02T10/705; Y02T90/16; Y02T10/7072; Y02T90/163; Y02T90/121; Y02T90/14; Y02T90/128; Y02T90/122; Y02T10/7055; B60L2240/547; B60L2240/549; H02J2007/0096; H02J2007/105; H02J50/10; B64C39/024; B64C39/028; B64F1/007; B64C2201/12,US201615133189,20160419,US201615133189 20160419; US201562150943P 20150422,,,,,,,,,,,,,,
"SYSTEM, APPARATUS, AND METHOD FOR CONTROLLING A VEHICLE",WO2016172729 (A1),2016-10-27,BERKEMEIER MATTHEW D [US],AUTONOMOUS SOLUTIONS INC [US],G01C21/26,A01B69/008; G05D1/00,WO2016US29256,20160425,US201562152203P 20150424; US201562152218P 20150424,,,,,,,,,,,US5648901 (A); US2012185113 (A1); US5375059 (A); WO2004031691 (A1),,,
Autonomous driving certification generalizer,GB2543630 (A),2017-04-26,DANIEL LEVINE [US];  JINESH J JAIN [US],FORD GLOBAL TECH LLC [US],G01C21/32; G01C21/00,G01C21/32; G06Q30/016; G05D1/0088; G06F17/30241; G06F17/3087; G01C21/00; G01C21/32,GB20160014873,20160901,US201514843514 20150902,,,,,,,,,,,,,,
Camera based localization,US9476970 (B1),2016-10-25,FAIRFIELD NATHANIEL [US];  URMSON CHRISTOPHER PAUL [US];  MONTEMERLO MICHAEL STEVEN [US],FAIRFIELD NATHANIEL [US];  URMSON CHRISTOPHER PAUL [US];  MONTEMERLO MICHAEL STEVEN [US];  GOOGLE INC [US],H04N7/18; G01S11/12; A61B5/18; G01S5/00,G01S5/16; G06T7/74; G06T2207/30252; G01S11/12; G05D1/0268; A61B5/18; G01S5/0009,US201213423704,20120319,US201213423704 20120319,US4802757 (A); US5204818 (A); US5550937 (A); US5606627 (A); US6296317 (B1); US8098170 (B1); US8174568 (B2); US8229274 (B2); US8606029 (B1); US8610741 (B2); US8644620 (B1); US8666195 (B1); US8810599 (B1); US8879871 (B2); US8909606 (B2); US9043072 (B1); US2006071946 (A1); US2006160616 (A1); US2007002040 (A1); US2007127101 (A1); US2007171431 (A1); US2008086464 (A1); US2008089558 (A1); US2008095461 (A1); US2008167814 (A1); US2008212838 (A1); US2009033753 (A1); US2009067725 (A1); US2009201361 (A1); US2009297063 (A1); US2010008565 (A1); US2010220173 (A1); US2010321490 (A1); US2011153206 (A1); US2011268361 (A1); US2011285842 (A1); US2011299733 (A1); US2012051662 (A1); US2012093372 (A1); US2012120069 (A1); US2012169513 (A1); US2012236024 (A1); US2012293549 (A1); US2013083201 (A1); US2013103299 (A1); US2013271602 (A1),,,,,,,,,,,,,
STEERING SYSTEM AND METHOD FOR AUTONOMOUS VEHICLES,US9499202 (B2); US2016304123 (A1),2016-10-20,LEWIS MATTHEW J [US];  LAUR MICHAEL H [US],DELPHI TECH INC [US],B62D15/02; B62D3/12; B62D5/04; G05D1/02,B62D5/043; B62D5/0478; B62D15/025; B62D3/12; B62D5/0421; B62D5/0463; G05D1/0278,US201514687375,20150415,US201514687375 20150415,US6817437 (B2); US7510038 (B2); US7530422 (B2); US7894951 (B2); US8994521 (B2); US2006213320 (A1); US2013060414 (A1); US2016075369 (A1),,,,,,,,US5598908 (A); US6450286 (B1); US6454044 (B1); US7278512 (B2); US7306535 (B2); US8002075 (B2); US8150582 (B2); US8762006 (B2); US2002169531 (A1); US2004262063 (A1); US2005188690 (A1); US2008141814 (A1); US2013002416 (A1); US2014277896 (A1),,,,,
IN-VEHICLE AUTHORIZATION FOR AUTONOMOUS VEHICLES,US2016301698 (A1),2016-10-13,KATARA MIKA [FI];  CHENG JIANG [CN];  MALTSEV ALEXANDER [RU];  RAAF BERNHARD [DE];  TIERNEY MICHAEL R [DE],HILL-ROM SERVICES INC [US],H04L29/06; G06F17/30; G06K19/06; G07B13/04,G07B13/02; G06Q50/30; G06F17/30879; G06K19/06037; G07B13/04; H04L63/102; G05D2201/0212,US201314368347,20131223,WO2013US77590 20131223,US2015166009 (A1); US2010085213 (A1); US2015149023 (A1); US2013218749 (A1); US2013223694 (A1); US2013152002 (A1); US9411780 (B1); US2013119728 (A1); US2014129951 (A1),,,,,,,,,,,,,
VEHICLE COMBINATION AND METHOD FOR FORMING AND OPERATING A VEHICLE COMBINATION,KR20160113039 (A),2016-09-28,BICK CHRISTOPH [DE];  MEYER DELIUS DANIEL [DE];  TARDIVON JEREMIE [DE],KUKA ROBOTER GMBH [DE],G05D1/02; B60W30/165,B62D59/04; G05D1/0295; G05D1/0027; G05D2201/02,KR20160032631,20160318,DE201510205032 20150319,,,,,,,,,,,,,,
An improved performance and cost Global Navigation Satellite System architecture,AU2015222926 (A1),2016-10-13,COHEN CLARK EMERSON,COHEN CLARK,B64G1/36,G01S19/05; G01S19/11; G01S19/43; G01S19/45; G01S19/48; G01S19/29; G01S19/42,AU20150222926,20150226,US201461944752P 20140226; WO2015US17787 20150226,,,,,,,,,,,,,,
AUTONOMOUS VEHICLE AND METHOD FOR COORDINATING THE PATHS OF MULTIPLE AUTONOMOUS VEHICLES,AU2016216683 (A1),2016-10-06,KLINGER JOHN SOLOMON;  DAVIS ROBERT F,PROXY TECHNOLOGIES INC,G01C22/00,,AU20160216683,20160819,AU20160216683 20160819; AU20150201728 20150407,,,,,,,,,,,,,,
MIXED AUTONOMOUS AND MANUAL CONTROL OF AUTONOMOUS VEHICLES,JP2016172548 (A),2016-09-29,PROKHOROV DANIL V,TOYOTA MOTOR ENG & MFG NORTH AMERICA INC,B60W50/10; B60T7/12; B60T8/00; B60W10/184; B60W10/20; B60W30/00; B60W40/02; B62D6/00,B60W50/0098; B60W50/087; B60W30/12; B60W30/16; B60W2050/0025; B60W2550/14; B60W2550/20; B62D15/025; G05D1/0061; G05D1/021; B60W30/143; B60W40/02,JP20150232873,20151130,US201414562761 20141207,,,,,,,,,,,,,,
MODIFYING BEHAVIOR OF AUTONOMOUS VEHICLES BASED ON SENSOR BLIND SPOTS AND LIMITATIONS,US2016266581 (A1),2016-09-15,DOLGOV DMITRI A [US];  URMSON CHRISTOPHER PAUL [US],GOOGLE INC [US],G05D1/02,G05D1/0248; G05D1/0274; B60W30/18154; B60W2050/0095; B60W2550/12; G05D2201/0213; G05D1/0257; G05D1/0276,US201615137120,20160425,US201615137120 20160425; US201313749793 20130125,,,,,,,,,,,,,,
Location-based privacy,US9436180 (B1),2016-09-06,FREDINBURG DANIEL [US];  KEMLER BRIAN [US],GOOGLE INC [US],G05D1/00; G05D3/00; G06F7/00; G06F17/00,G06F21/6254; H04W4/02; G06F2221/2111,US201414250752,20140411,US201414250752 20140411,US2002057217 (A1); US2005125154 (A1); US2007008179 (A1); US2009268947 (A1); US2010296705 (A1),,,,,,,,US8456294 (B2); US2013318214 (A1),,,,,
METHODS OF AUTONOMOUS VEHICLE OPERATION IN ENVIRONMENTS WITH OBSTRUCTED OCCUPANT VIEW AND SENSOR DETECTION ACTION,JP2016164063 (A),2016-09-08,PROKHOROV DANIL V,TOYOTA MOTOR ENG & MFG NORTH AMERICA INC,B60W30/08; B60R21/00; B60W40/04; G08G1/16,B60W30/18154; B60W2550/402; B60W30/08,JP20160012316,20160126,US201514609286 20150129,,,,,,,,,,,,,,
Real-time Occupancy Mapping System for Autonomous Vehicles,US2016260328 (A1),2016-09-08,MISHRA LALAN JEE [US];  WIETFELDT RICHARD DOMINIC [US];  CZOMPO JOSEPH [US],QUALCOMM INC [US],G08G1/16; G01S5/00; G01S5/02; G01S19/51; G05D1/00,G01S19/14; G01S19/39; G01S19/51; G01S13/931; G01S19/53; G01S2013/936; G01S5/0072; G01S5/0284; G05D1/0088; G08G1/163; G08G1/166,US201514640144,20150306,US201514640144 20150306,US7032763 (B1); US2008027645 (A1); US7344037 (B1); US2009164067 (A1); US6088653 (A); US6191733 (B1); US2002165669 (A1),,,,,,,,,,,,,
AUTONOMOUS VEHICLE AND METHOD FOR COORDINATING THE PATHS OF MULTIPLE AUTONOMOUS VEHICLES,CA2938894 (A1),2013-09-12,KLINGER JOHN SOLOMON [US];  DAVIS ROBERT F [US],PROXY TECH INC [US],G08G9/02; G08G5/04; G08G9/00,G05D1/104; G08G1/162; G08G1/163; G08G5/0008; G08G5/0021; G08G5/0069; G08G5/045; G05D1/0027; G08G5/003; G08G5/04; G08G9/02; G05D1/10; G08G5/0004; G08G5/065,CA20132938894,20130308,US201213417046 20120309; US201213724414 20121221; CA20132866708 20130308,,,,,,,,,,,,,,
APPARATUS AND METHOD EMPLOYING AUTONOMOUS VEHICLES TO REDUCE RISK,US9481459 (B2); US2016251081 (A1),2016-09-01,STASKEVICH GENNADY [US];  BLASCH ERIK P [US];  ABBE BRIAN [US],GOVERNMENT OF THE UNITED STATES AS REPRESETNED BY THE SECRETARY OF THE AIR FORCE [US],B64C39/02; B60L11/18; B64D47/08; B64F1/00; B64F1/20; G05D1/00; G05D1/10; G06K9/00; H04N7/18,G05D1/0011; B64C2201/127; B60L11/1829; B64C39/024; B64D47/08; B64F1/007; B64F1/20; G05D1/101; G06K9/00288; G06K9/00442; H04N7/185,US201414563072,20141208,US201414563072 20141208,US2014249692 (A1); US2014316614 (A1); US2015055857 (A1),,,,,,,,,,,,,
Communication configuration system for a fleet of automated vehicles,US9432929 (B1),2016-08-30,ROSS WILLIAM [US];  AITKEN MICHAEL [US],UBER TECH INC [US],H04W4/00; G05D1/00; G05D1/02; G08G1/123; H04W8/02; H04W48/20; H04W84/00,G05D1/0274; G05D1/0297; G08G1/202; G08G1/205; H04B7/18504; H04W4/026; H04W4/027; H04W4/046; H04W48/20; G05D1/024; H04W4/025; G05D2201/0213; G05D1/0088; G05D1/0291; G07C5/00; H04W72/048; H04W72/1263; H04L67/12; H04B17/318; G01C21/362; H04W84/005,US201514962918,20151208,US201514962918 20151208,US6339745 (B1); US2005090226 (A1); US2005168353 (A1); US2007077945 (A1); US2014180501 (A1); US2015081212 (A1); US2015149078 (A1),,,,,,,,US7904092 (B2); US8417239 (B1); US8452310 (B1); US9025463 (B1); US9087348 (B2); US2008186882 (A1); US2009005097 (A1); US2009196258 (A1); US2009254254 (A1); US2010082193 (A1); US2010151865 (A1); US2011171960 (A1); US2013073327 (A1); US2013115956 (A1); US2013122934 (A1); US2013279349 (A1); US2014309814 (A1); US2015063144 (A1); US2015133167 (A1); US2015264519 (A1); US2015281906 (A1); US2016006723 (A1); US2016073117 (A1),,,,,
"Electrical system of electric intelligent vehicle, for centralized architecture controller and electricity supply redundancy",CN105857102 (A),2016-08-17,LUO FENG;  HU FENGJIAN;  YU JING;  YU JIAWEI,UNIV TONGJI,B60L11/18; B60L1/00; B60L3/00; B60R16/023,Y02T10/7005,CN20161216526,20160408,CN20161216526 20160408,,,,,,,,,,,,,,
DIRECT METHODS FOR DENSE PARKING OF AUTONOMOUS VEHICLES,US2016224028 (A1); US9645578 (B2),2016-08-04,HARVEY THOMAS DANAHER [US],HARVEY THOMAS DANAHER [US],G05D1/02; G05D1/00,E04H6/422; G05D1/0297; G05D2201/0213; B60W30/06; G05D1/0027; G05D1/0212; B62D15/0285; G05D1/0287,US201615043595,20160214,US201615043595 20160214; US201514837114 20150827; US201514611253 20150201,US5038290 (A); US5038290 (A),,,,,,,,,,,,,
MULTI-OPERATIONAL ORIENTATION SYSTEMS FOR AUTONOMOUS VEHICLES AND SMART INFRASTRUCTURE,WO2016122983 (A1),2016-08-04,MCCAFFERTY THOMAS [US],SMART ROAD TECHNOLOGY LLC [US];  MCCAFFERTY THOMAS [US],G01S1/08,G01S1/042; G01S1/08; G01S1/68; G08G1/0116; G08G1/0133; G08G1/0141; G08G1/096716; G08G1/096758; G08G1/096783,WO2016US14532,20160122,US201562108518P 20150127; US201562217946P 20150913,,,,,,,,,,,US8447239 (B1); US2009115638 (A1); US2012268250 (A1); US4358217 (A); US2010231454 (A1); US2010085236 (A1); US2013233978 (A1); US2009256723 (A1); US2014240146 (A1),,,
A METHOD OF FLIGHT AUTHENTICATION OF SMALL UNMANNED AUTONOMOUS VEHICLES USING 3G/LTE NETWORK,KR20160082213 (A),2016-07-08,LEE YUN SEOK [KR];  JUNG MIN SOO [KR];  NAM CHANG HYUN [KR];  SEOL DONG CHEOL [KR],GAONSOFT CO LTD [KR],G08G5/00,B64C39/02; G08G5/0069; H04W4/02,KR20140196051,20141231,KR20140196051 20141231,,,,,,,,,,,,,,
"RECONFIGURABLE CAPACITIVE ENERGY STORAGE DEVICE, POWER SUPPLY SYSTEM AND ELECTRIC VEHICLE INCORPORATING SAID DEVICE",WO2017013179 (A1),2017-01-26,DEPOND JEAN-MICHEL [FR],BLUE SOLUTIONS [FR],H01G11/08; H01G11/10; H01G11/14; H02J7/00,H01G11/08; H01G11/10; H01G11/14; Y02T10/7022; Y02E60/13; H02M3/07; H02J7/00,WO2016EP67319,20160720,FR20150056994 20150723,,,,,,,,,,,DE102012001390 (A1); CLaim (1),,,
USE OF ENVIRONMENTAL INFORMATION TO AID IMAGE PROCESSING FOR AUTONOMOUS VEHICLES,US9387854 (B1); US2016214605 (A1),2016-07-28,FERGUSON DAVID I [US];  LO WAN-YEN [CH],GOOGLE INC [US],B60W30/09; G05D1/00,B60W30/12; B60W30/16; G01C21/30; B60W2420/42; G05D1/0088; G06K9/00798; B60W2550/10; B60W30/09,US201514829979,20150819,US201514829979 20150819; US201313925795 20130624,US8027029 (B2); US8315796 (B2); US2009228184 (A1); US2010080419 (A1); US2012083959 (A1); US2012310465 (A1); US2012323444 (A1),,,,,,,,EP1901259 (A1); WO2011160672 (A1); WO2013056884 (A1),,,,,
System and method for predicting behaviors of detected objects through environment representation,US9381916 (B1),2016-07-05,ZHU JIAJUN [US];  FERGUSON DAVID I [US],ZHU JIAJUN [US];  FERGUSON DAVID I [US];  GOOGLE INC [US],G08G1/16; B60W30/095; G01S13/93; G05D1/00,G01S17/936; G01S13/862; G01S13/865; G01S13/867; G01S13/931; G08G1/166; G01S15/931; G01S2013/9353; G01S2013/9357; G01S2013/9375; G01S2013/9378; G01S2013/9382; G01S2013/9385; B60W30/0956; G05D1/0088; G08G1/16,US201213366828,20120206,US201213366828 20120206,US6151539 (A); US7145441 (B2); US7233861 (B2); US8126642 (B2); US8150583 (B2); US8280623 (B2); US8353737 (B2); US8384534 (B2); US8538674 (B2); US8660734 (B2); US8744741 (B2); US2004176936 (A1); US2005015203 (A1); US2005192736 (A1); US2006025897 (A1); US2007010944 (A1); US2008084283 (A1); US2008097700 (A1); US2008189039 (A1); US2009005959 (A1); US2009037055 (A1); US2010094520 (A1); US2010106356 (A1); US2011098886 (A1); EP1754621 (A1); JP2002365708 (A); WO2009028558 (A1),,,,,,,,US4970653 (A); US5163002 (A); US6421603 (B1); US6691003 (B1); US6771208 (B2); US6952001 (B2); US7167799 (B1); US7233683 (B2); US7275431 (B2); US7409295 (B2); US7499804 (B2); US7579942 (B2); US7610123 (B2); US7617048 (B2); US7634383 (B2); US7864032 (B2); US7903021 (B2); US7974714 (B2); US7974748 (B2); US7991550 (B2); US8150574 (B2); US8160811 (B2); US8229663 (B2); US8417490 (B1); US2004233097 (A1); US2005203697 (A1); US2006100783 (A1); US2008162027 (A1); US2009037122 (A1); US2009125174 (A1); US2010194593 (A1); US2011102195 (A1); US2011257949 (A1); US2011299730 (A1); US2012179635 (A1); US2012253582 (A1); US2012265380 (A1); US2012310466 (A1); US2012316725 (A1); US2012330542 (A1); DE19948252 (A1); DE19948254 (A1); JP2003511288 (A); JP2006227811 (A); JP2006260217 (A); JP2008007062 (A); JP2008293099 (A); JP2009086788 (A); JP2010134656 (A); KR20110097391 (A); WO2009099382 (A1),,,,,
VEHICLE GUIDANCE SYSTEM,US9652985 (B2); US2016189542 (A1),2016-06-30,MYER SETH JAMISON [US],MYER SETH JAMISON [US];  MING SOLAR INC [US],G08G1/0967,G08G1/096783; H02J3/385; H02J7/35; H02S30/10; H02S40/38; H02S40/32,US201514951356,20151124,US201514951356 20151124; US201462123671P 20141124,US2002145519 (A1); US2006020389 (A1); US2008162036 (A1); US2009040750 (A1); US2009105942 (A1); US2009233575 (A1); US2010029268 (A1); US2012143383 (A1); US2012323474 (A1); US2013113618 (A1); US2014253345 (A1); US2015145698 (A1); US9293042 (B1); US2016133130 (A1); US2016267790 (A1); US9293042 (B1); US2002145519 (A1); US2006020389 (A1); US2008162036 (A1); US2009040750 (A1); US2009105942 (A1); US2009233575 (A1); US2010029268 (A1); US2012143383 (A1); US2012323474 (A1); US2013113618 (A1); US2014253345 (A1); US2015145698 (A1); US2016133130 (A1); US2016267790 (A1),,,,,,,,,,,,,
Optimized Parking System,US9639994 (B2); US2016189435 (A1),2016-06-30,BEAUREPAIRE JEROME [DE],HERE GLOBAL BV [NL],G07B15/02; G06Q30/02; G08G1/00,G06Q30/0208; G08G1/005; G08G1/144; G08G1/147; G08G1/202; G08G1/205; G07B15/02; H04W4/021; H04W4/046; H04W4/02; G05D1/021,US201414584670,20141229,US201414584670 20141229,US2015346727 (A1); US2015339928 (A1); US2015233719 (A1); US2015142244 (A1); US2014121883 (A1); US7253747 (B2); US7893847 (B2); US2009260907 (A1); US2010204866 (A1); US2010302068 (A1); US2011213629 (A1); US2012092191 (A1); US2012095791 (A1); US2013231824 (A1); US2014121883 (A1); US2014266805 (A1); US2015088358 (A1); US2015142244 (A1); US2015149265 (A1); US2015233719 (A1); US2015241241 (A1); US2015309510 (A1); US2015339928 (A1); US2015346727 (A1),,,,,,,,US7049979 (B2); US7538690 (B1); US7949464 (B2); US8063797 (B1); US8606499 (B2); US2004032342 (A1); US2009187341 (A1); US2010017118 (A1); US2012098677 (A1); US2012197690 (A1); US2014278081 (A1),,,,,
RISK MITIGATION FOR AUTONOMOUS VEHICLES RELATIVE TO TURNING OBJECTS,US2016176398 (A1),2016-06-23,PROKHOROV DANIL V [US];  VLADIMEROU VLADIMEROS [US],TOYOTA ENG & MFG NORTH AMERICA [US],B60W30/09,B62D15/0265; B60W30/09,US201414581757,20141223,US201414581757 20141223,US2005012602 (A1); US2006178830 (A1); US2008162036 (A1); US2010253539 (A1); US2011307139 (A1); US2012083960 (A1); US2012130582 (A1); US2012323474 (A1); US2012330542 (A1); US2014067206 (A1),,,,,,,,,,,,,
RISK MITIGATION FOR AUTONOMOUS VEHICLES RELATIVE TO ONCOMING OBJECTS,US9573592 (B2); US2016176397 (A1),2016-06-23,PROKHOROV DANIL V [US];  VLADIMEROU VLADIMEROS [US],TOYOTA ENG & MFG NORTH AMERICA [US],B60W30/09; G05D1/00,G05D1/0214; G05D2201/0213; B60W30/09; B60W2550/10; G05D1/0088,US201414581739,20141223,US201414581739 20141223,US5983161 (A); US7885766 (B2); US8244408 (B2); US8818703 (B2); US2006111842 (A1); US2007078600 (A1); US2008125972 (A1); US2009088916 (A1); US2010228419 (A1); US2010256852 (A1); US2012083960 (A1); US2012203418 (A1); US2013179382 (A1); US2014088855 (A1); US2015309512 (A1),,,,,,,,US7302325 (B2); US8175797 (B2); US8466806 (B2); US2014067206 (A1); JP2009096361 (A); JP2011221758 (A),,,,,
REDUCING DRIVER DISTRACTION IN SPOKEN DIALOGUE,US2016171888 (A1),2016-06-16,TZIRKEL-HANCOCK ELI [IL];  TSIMHONI OMER [IL],GM GLOBAL TECH OPERATIONS INC [US],G08G1/0962; G08G1/01,A61B5/18; G08G1/09626; G08G1/166; B60W2540/22; B60Y2302/09; G08G1/0104; G08G1/0967,US201615005483,20160125,US201615005483 20160125; US201313893433 20130514; US201261652600P 20120529,US2005192730 (A1); US7365769 (B1); US7831433 (B1); US8583439 (B1),,,,,,,,,,,,,
APPARATUS FOR GUIDING PARKING OF AUTONOMOUS VEHICLE AND METHOD THEREOF,KR20160056716 (A),2016-05-20,KIM SUNG YUN [KR];  YANG JOO WOONG [KR];  KO BONG CHUL [KR];  SEO MIN WOOK [KR],HYUNDAI MOTOR CO LTD [KR],G08G1/0969,,KR20140157372,20141112,KR20140157372 20141112,,,,,,,,,,,,,,
MANAGEMENT OF DRONE OPERATIONS AND SECURITY IN A PERVASIVE COMPUTING ENVIRONMENT,US2016164874 (A1); US9654476 (B2),2016-06-09,LEMMEY TARA [US];  VONOG STANISLAV [US],LENS VENTURES LLC [US],H04L29/06,G06F21/6245; G06F21/6254; H04L63/0861; H04L63/10; G06Q50/188; H04L2463/101; G06F21/6218; H04L63/20,US201615019892,20160209,US201615019892 20160209; US201514629313 20150223; US201461942852P 20140221,US6437692 (B1); US2010273504 (A1); US2012190386 (A1); US2012296517 (A1); US2014286744 (A1); US2015185034 (A1); US2015323930 (A1); US6437692 (B1); US2010273504 (A1); US2012190386 (A1); US2012296517 (A1); US2014286744 (A1); US2015185034 (A1); US2015323930 (A1),,,,,,,,,,,,,
SENSOR CALIBRATION FOR AUTONOMOUS VEHICLES,US2016161602 (A1),2016-06-09,PROKHOROV DANIL V [US],TOYOTA ENG & MFG NORTH AMERICA [US],G01S7/497; G01S17/93,G01S17/936; G01S7/4026; G01S7/4972; G01S13/865; G01S13/867; G01S13/931,US201414565293,20141209,US201414565293 20141209,US2014240690 (A1); US2010253594 (A1); US2014032012 (A1); US2011199254 (A1); US2010292886 (A1); US2010289632 (A1); US2010254019 (A1); US2013088382 (A1); US2010168957 (A1),,,,,,,,,,,,,
Using other vehicle trajectories to aid autonomous vehicles driving through partially known areas,US9355562 (B1),2016-05-31,FERGUSON DAVID I [US],FERGUSON DAVID I [US];  GOOGLE INC [US],G08G1/16; B60W30/12; G08G1/0962,G05D1/0214; G08G1/0112; G08G1/0129; G08G1/0145; G08G1/20; G05D2201/0213; G08G1/167,US201213585344,20120814,US201213585344 20120814,US2008082261 (A1); US2010332125 (A1); US2014032108 (A1),,,,,,,,US7979172 (B2); US2008133120 (A1); US2010054538 (A1); US2011118900 (A1); US2011231088 (A1),,,,,
"VISUAL-INERTIAL SENSOR FUSION FOR NAVIGATION, LOCALIZATION, MAPPING, AND 3D RECONSTRUCTION",US2016140729 (A1),2016-05-19,SOATTO STEFANO [US];  TSOTSOS KONSTANTINE [US],UNIV CALIFORNIA [US],G06T7/20; G01P15/18; G06K9/52; G06T7/00,G01C21/165; G01S5/16; G06K9/00664; G06T7/579; G06T7/277; G06K9/52,US201514932899,20151104,US201514932899 20151104; US201462075170P 20141104,US6338011 (B1); US2007031028 (A1); US2014139635 (A1); US2014248950 (A1); US2014316698 (A1); US2014350839 (A1),,,,,,,,,,,,,
Method and System for Autonomous Vehicles,US2016132705 (A1),2016-05-12,KOVARIK JOSEPH E [US];  KOVARIK JAMES J [US],KOVARIK JOSEPH E [US];  KOVARIK JAMES J [US],G06K7/10; E01C9/00; E01C11/00; E01F9/00; E01F11/00; G01S19/13; G05D1/02,E01F9/30; E01F9/578; G05D1/0259; G05D2201/0213; G06K7/10376,US201514938352,20151111,US201514938352 20151111; US201462078539P 20141112; US201562163163P 20150518,,,,,,,,,,,,,,
METHOD AND APPARATUS FOR PROVIDING ACCESS TO AUTONOMOUS VEHICLES BASED ON USER CONTEXT,US2016125735 (A1); US9547985 (B2),2016-05-05,TUUKKANEN MARKO TAPIO [DE],HERE GLOBAL BV [DE],G08G1/09; G08G1/0962; H04L29/08,G08G1/202; H04L67/12; G08G1/09; G08G1/0962,US201414533691,20141105,US201414533691 20141105,US6049745 (A); US2002102961 (A1); US6453298 (B2); US6507777 (B1); US2003187571 (A1); US2006089766 (A1); US7499804 (B2); US2009152833 (A1); US2011054836 (A1); US2011130636 (A1); US2011264360 (A1); US8145368 (B2); US2012083960 (A1); US2012330540 (A1); US2013068876 (A1); US2014032034 (A1); US2014180914 (A1); US2014172727 (A1); US2014379173 (A1); US8948935 (B1); US2015081362 (A1); US2015138000 (A1); US2015148988 (A1); US2015185034 (A1); US9125987 (B2); US9158304 (B2); US2015278759 (A1); US9177476 (B2); US9229623 (B1); US9278689 (B1); US9429943 (B2); US6049745 (A); US6453298 (B2); US6507777 (B1); US7499804 (B2); US8145368 (B2); US8948935 (B1); US9125987 (B2); US9158304 (B2); US9177476 (B2); US9229623 (B1); US9278689 (B1); US9429943 (B2); US2002102961 (A1); US2003187571 (A1); US2006089766 (A1); US2009152833 (A1); US2011054836 (A1); US2011130636 (A1); US2011264360 (A1); US2012083960 (A1); US2012330540 (A1); US2013068876 (A1); US2014032034 (A1); US2014172727 (A1); US2014180914 (A1); US2014379173 (A1); US2015081362 (A1); US2015138000 (A1); US2015148988 (A1); US2015185034 (A1); US2015278759 (A1),,,,,,,,US6166656 (A); US2002026266 (A1); US2013289858 (A1); US2014136414 (A1); FR2923640 (A1); WO2014052329 (A1),,,,,
Model checking for autonomous vehicles,US9315178 (B1),2016-04-19,FERGUSON DAVID I [US];  DOLGOV DMITRI A [US];  URMSON CHRISTOPHER [US],FERGUSON DAVID I [US];  DOLGOV DMITRI A [US];  URMSON CHRISTOPHER [US];  GOOGLE INC [US],B60W50/02; B60T8/171; B60T8/172; B60T17/22; B60W50/04,B60T8/171; B60T8/172; B60T8/885; B60T2270/406; B60T17/221; B60W50/0205; B60W50/04; B60T17/22; B60W2050/021; B60T2270/40,US201213446025,20120413,US201213446025 20120413,US6070682 (A); US6186259 (B1); US6459982 (B1); US6554089 (B2); US6655502 (B2); US7877216 (B2); US2001037171 (A1); US2004127329 (A1); US2004154715 (A1); US2005150283 (A1); US2007208482 (A1); US2008236269 (A1); US2009164059 (A1); US2009287368 (A1); US2010114428 (A1); US2010211249 (A1); US2010235065 (A1); US2011071718 (A1); US2011221587 (A1); US2012136546 (A1),,,,,,,,US7089099 (B2); US7809480 (B2); US2009079839 (A1); US2009319113 (A1); US2010106356 (A1); US2011035149 (A1); US2011066313 (A1); US2011118927 (A1); WO2011142508 (A1),,,,,
Positioning vehicles to improve quality of observations at intersections,US9280156 (B1),2016-03-08,FERGUSON DAVID IAN FRANKLIN [US];  FAIRFIELD NATHANIEL [US];  TEMPLETON BRADLEY [US],GOOGLE INC [US],G01C22/00; G05D1/00; G05D1/02,B60W30/18154; B60W2550/141; B60W2550/22; B60W2550/402; G05D1/0212,US201414193674,20140228,US201414193674 20140228; US201213441800 20120406,US8031062 (B2); US2010106356 (A1),,,,,,,,US5963148 (A); US6151539 (A); US7979172 (B2); US8712624 (B1); US2007124072 (A1); US2008162027 (A1); US2009118909 (A1); US2010004856 (A1),,,,,
AUTONOMOUS VEHICLE FOR AIRBORNE ELECTROMAGNETIC SURVEYING,US2016061984 (A1),2016-03-03,PARTNER RICHARD THOMAS [CA],CGG DATA SERVICES AG [CH],G01V3/16; G01V3/10; G05D1/00,G01V3/165; G01V3/10; G01V3/16; G05D1/0088,US201414787346,20140429,US201414787346 20140429; US201361817346P 20130430; WO2014CA50405 20140429,US2955251 (A); US3976937 (A); US6244534 (B1); US7002349 (B2); US2009284258 (A1),,,,,,,,,,,,,
REDUNDANT ELECTRICAL POWER FOR AUTONOMOUS VEHICLES.,MX345052 (B); MX2015003896 (A),2015-10-26,TROMBLEY ROGER ARNOLD [US];  CROMBEZ DALE SCOTT;  IVAN JEROME CHARLES;  MCBRIDE JAMES ROBERT;  WAYNE WILLIAMS;  YU HAI;  SZUSZMAN PAUL JOSEPH;  WORREL PETER,FORD GLOBAL TECH LLC [US],B60L11/12; G01R31/40,B60L11/1853; B60L11/1861; B60L11/1868; Y02T10/7044; Y02T10/7005; Y02T10/7066; B60L1/00; B60L3/0092; Y10S903/903; B60L11/1851; B60L11/1877,MX20150003896,20150326,US201414226234 20140326,,,,,,,,,,,,,,
METHOD FOR PROVIDING ONE-WAY SERVICE OF SHARED AUTONOMOUS VEHICLE,KR101586974 (B1),2016-01-21,HWANG KEE YEON [KR];  PARK IN SEON [KR],UNIV HONGIK IND ACAD COOP FDN [KR],G06Q50/30; G06Q10/02; G06Q30/06,G06Q10/02; G06Q30/0645,KR20150037315,20150318,KR20150037315 20150318,KR20150020738 (A); JP2002245585 (A); JP2010257111 (A),,,,,,,,,,,,,
Intersection completer,US9261379 (B1),2016-02-16,CHATHAM ANDREW HUGHES [US];  URMSON CHRISTOPHER PAUL [US],GOOGLE INC [US],G08G1/0962; G01C21/36,G01C21/32; G09B29/007; B60W30/00; G01C21/3658; G01C21/3602; G08G1/09626,US201514640734,20150306,US201514640734 20150306; US201113181068 20110712,US4679147 (A); US5638280 (A); US5778333 (A); US5940010 (A); US6112143 (A); US7103366 (B2); US7447588 (B1); US2003220734 (A1); US2006142933 (A1); US2008154489 (A1); US2009005971 (A1); US2009005984 (A1); US2009192703 (A1); US2010207786 (A1); US2010256900 (A1),,,,,,,,US2008162027 (A1); US2009088916 (A1); US2010100268 (A1),,,,,
APPARATUS FOR REDUCING DATA VOLUMES,US2016043734 (A1); US9496892 (B2),2016-02-11,FRANGOU GEORGE JOHN [GB],PENTERACT28 LTD [GB],H03M7/30,H03M7/3059; H03M7/55,US201414392077,20140311,GB20130005070 20130319; WO2014GB00089 20140311,US7355538 (B2); US7903008 (B2); US5892503 (A); US5892503 (A); US7355538 (B2); US7903008 (B2),,,,,,,,,,,,,
Object bounding box estimation,US9256226 (B1),2016-02-09,ZHU JIAJUN [US];  HAEHNEL DIRK [US],GOOGLE INC [US],G01C22/00; B60K31/00; G05D1/00; G05D1/02; G06K9/00,G05D1/0274; G06K9/00805; G06T7/11; G06T2207/10028; G06T2207/30261; G05D1/0088; G05D1/024; B60K31/0008; G06T2207/10016,US201414252966,20140415,US201414252966 20140415; US201213361023 20120130,US8736463 (B1),,,,,,,,US5809161 (A); US2003114964 (A1); US2008285799 (A1); US2011025548 (A1); US2012224060 (A1),,,,,
"PARKING MANAGEMENT SYSTEM, MANAGEMENT DEVICE, AND PARKING MANAGEMENT METHOD",JP2016006603 (A),2016-01-14,UMEHARA SHIGEKI;  URAYAMA HIROSHI;  HATTORI OSAMU;  OGAWA SHOHEI;  NAGASHIMA YASUSHI,SUMITOMO ELECTRIC INDUSTRIES,G08G1/00; B60W30/06; G08G1/09; G08G1/14,,JP20140127347,20140620,JP20140127347 20140620,,,,,,,,,,,,,,
AUTONOMOUS MANEUVER NOTIFICATION FOR AUTONOMOUS VEHICLES,WO2016109829 (A1),2016-07-07,NAGY AKOS [US];  RAJARAM SHETTY [IN];  VETTER JOERG [DE];  MAMAEVA TATIANA [DE];  KREMER CHRISTIAN [DE];  BECKER JAN [US],BOSCH GMBH ROBERT [DE],B60W30/09; B60W10/04; B60W10/18; B60W10/20; B60W30/095; B60W30/14; B60W30/18; B60W50/14; G06K9/00,B60W50/14; B60W10/04; B60W10/18; B60W10/20; B60W30/09; B60W30/095; B60W30/14; B60W30/18163; B60W2050/146; B60W2540/04; B60W2550/10; B60W2550/30,WO2015US68335,20151231,US201462098416P 20141231,,,,,,,,,,,US8346426 (B1); DE102010051206 (A1); US8676431 (B1); EP1990786 (A1); US2010253540 (A1); EP1398684 (A2); DE102012007984 (A1),,,
SYSTEMS AND METHODS FOR OPERATING AUTONOMOUS VEHICLES USING PERSONALIZED DRIVING PROFILES,WO2016109540 (A1),2016-07-07,NAGY AKOS [US];  BECKER JAN [US];  RAJARAM SHETTY [IN];  VETTER JOERG [DE];  KREMER CHRISTIAN [DE];  MAMAEVA TATIANA [DE];  GULATI SHILPA [US],BOSCH GMBH ROBERT [DE],B60W50/14; B60W30/09; B60W30/14; B60W40/09; B60W50/08,B60W50/08; B60W50/14; B60W30/09; B60W30/14; B60W40/09; B60W2050/146; B60W2540/04; B60W2540/28; B60W2540/30,WO2015US67868,20151229,US201462097373P 20141229; US201462097473P 20141229; US201462098418P 20141231,,,,,,,,,,,DE102011082480 (A1); DE102012002581 (A1); US5014200 (A); DE102011012793 (A1); EP2752348 (A1); US2008167820 (A1); DE102012024649 (A1),,,
SYSTEMS AND METHODS FOR CONTROLLING MULTIPLE AUTONOMOUS VEHICLES IN A CONNECTED DRIVE MODE,WO2016109670 (A1),2016-07-07,NAGY AKOS [US];  RAJARAM SHETTY [IN];  VETTER JOERG [DE];  MAMAEVA TATIANA [DE];  KREMER CHRISTIAN [DE];  BECKER JAN [US],BOSCH GMBH ROBERT [DE],G01C21/34; G05D1/02,G01C21/3438; G05D1/0297; G08G1/22; G05D2201/0213; B60W30/00,WO2015US68071,20151230,US201462098371P 20141231,,,,,,,,,,,US2003182183 (A1); US2010256835 (A1); EP1681663 (A1); US2012068858 (A1); US9141112 (B1),,,
DISTRIBUTED COMMUNICATION OF INDEPENDENT AUTONOMOUS VEHICLES TO PROVIDE REDUNDANCY AND PERFORMANCE,US9451020 (B2); US2016021178 (A1),2016-01-21,LIU DONGXIA [US];  LEI HAIRONG [US];  ABHYANKER RAJ [US],LIU DONGXIA [US];  LEI HAIRONG [US];  ABHYANKER RAJ [US],H04L29/08; H04L12/24; H04W76/02,H04L43/0811; H04W4/021; H04L67/12; H04W4/008; H04W4/046; H04W4/08; H04W84/18; H04L69/40; H04W76/02; H04L41/06; H04L67/1042,US201414334674,20140718,US201414334674 20140718,US2011118907 (A1); US2013238170 (A1),,,,,,,,US2035218 (A); US3253806 (A); US3556438 (A); US3762669 (A); US4119163 (A); US4161843 (A); US4375354 (A); US4556198 (A); US4779203 (A); US4914605 (A); US4996468 (A); US5032989 (A); US5050844 (A); US5199686 (A); US5208750 (A); US5325294 (A); US5372211 (A); US5521817 (A); US5577567 (A); US5581630 (A); US5584025 (A); US5590062 (A); US5617319 (A); US5630103 (A); US5671342 (A); US5720363 (A); US5751245 (A); US5774133 (A); US5794207 (A); US5805810 (A); US5819269 (A); US5826244 (A); US5831664 (A); US5835896 (A); US5852810 (A); US5904214 (A); US5905499 (A); US5907322 (A); US5926765 (A); US5930474 (A); US5937413 (A); US5940806 (A); US5991737 (A); US6024288 (A); US6029141 (A); US6029195 (A); US6034618 (A); US6036601 (A); US6047194 (A); US6047236 (A); US6049778 (A); US6059263 (A); US6073138 (A); US6078906 (A); US6088702 (A); US6092076 (A); US6092105 (A); US6101484 (A); US6108639 (A); US6122592 (A); US6134486 (A); US6148260 (A); US6148289 (A); US6175831 (B1); US6199076 (B1); US6229533 (B1); US6236990 (B1); US6269369 (B1); US6308177 (B1); US6317718 (B1); US6336111 (B1); US6339745 (B1); US6356834 (B2); US6381537 (B1); US6401085 (B1); US6405123 (B1); US6408307 (B1); US6445983 (B1); US6453339 (B1); US6470268 (B1); US6480885 (B1); US6487583 (B1); US6498982 (B2); US6507776 (B1); US6513069 (B1); US6519629 (B2); US6532007 (B1); US6542813 (B1); US6542817 (B2); US6542936 (B1); US6557013 (B1); US6587787 (B1); US6597983 (B2); US6600418 (B2); US6611751 (B2); US6615039 (B1); US6622086 (B2); US6629136 (B1); US6633311 (B1),,,,,
MOBILITY SYSTEM THROUGH ROUTE SUSPENDED BY FIXED CABLES OF AUTONOMOUS VEHICLES LIGHTWEIGHT AT ELECTRICAL SUPPLY,WO2016088147 (A1),2016-06-09,GALVAGNO FRANCESCO [IT],INNTECH S R L LAB [IT],B61B7/00,B61B7/00,WO2015IT00286,20151125,IT2014CT00021 20141204,,,,,,,,,EP1045393 (A2),,EP2803550 (A1); US3022747 (A); US3083839 (A); DE19815580 (A1),,,
